,id_pdv_unique,id_cli_suc_cuenta,id_cod_pdv,desc_cli_suc_cuenta,id_tie_fecha_alta,pv_x,pv_y,id_cli_canal_dist,desc_cli_canal_dist,id_cli_categoria_dist,id_cli_subcanal_adic_dist,desc_cli_subcanal_dist,pv_pcia,pv_departamento,geohash,id_cli_vendedor,desc_cli_vendedor,id_cli_gte_regional,desc_cli_gte_regional,id_cli_gte_nacional,desc_cli_gte_nacional,indicar_cantidad_de_bandejas,indique_la_cantidad_de_m2_de_la_tienda,indique_la_cantidad_de_pasillos,indique_la_cantidad_de_puertas_de_heladeras,indique_la_cantidad_de_puntos_de_cobro_cajas_del_pdv,se_puede_ingresar_al_interior_del_local,compra_en_plataformas_web_ej_bees_compre_ahora_coca_tokin,cuenta_con_apps_de_delivery_ej_pedidos_ya_rappi_propia,cuenta_con_deposito_de_mercaderia,cuenta_con_medios_de_cobro_digital_o_electronico_ej_posnet_apps_de_pago_qr,cuenta_con_otros_servicios_ej_tarjeta_colectivos_carga_celular_cospeles_rapipago_pago_facil,donde_se_encuentra_ubicado,la_tienda_se_encuentra_abierta_las_24_hs_del_dia,la_tienda_se_encuentra_abierta_los_7_dias_de_la_semana,ofrece_bebidas_alcoholicas,ofrece_medicamentos_de_venta_libre_ej_ibuprofeno_sertal_otros,ofrece_producto_de_cuidado_personal_ej_shampoo_maquinita_de_afeitar_toallitas_femeninas,ofrece_productos_lacteos,ofrece_productos_varios_ej_pilas_encendedroes_preservativos,ofrece_viandas_ej_menues_tartas_sandwiches_ensaladas,tiene_freezer_cual_es,tiene_imagen_en_el_frente_del_local,tiene_presencia_en_redes_sociales_ej_instagram_facebook_tik_tok,trabaja_los_eventos_tematicos_navidad_pascuas_halloween_seleccion_argentina,pois_agencias_de_viajes,pois_alimentacion,pois_alojamientos,pois_atracciones_turisticas,pois_bares_bodegas,pois_centros_de_salud,pois_clubes_deportivos,pois_clubes_nocturnos,pois_escuelas,pois_heladerias,pois_hoteles,pois_instituciones_educativas,pois_otras_instituciones,pois_servicios_de_transporte,pois_bus_stop,total_pois,total_pdvs_per_geohash,average_order_value,total_sales,total_kgn,total_bultos,average_monthly_sales,average_active_monthly_sales,deviation_monthly_sales,average_monthly_kgn,average_active_monthly_kgn,average_kgn_order,omni_channel,different_sku,ordenes_promedios_semanales_por_pdv,buy_freq,buy_freq_alimentos,buy_freq_chocolates,buy_freq_golosinas,buy_freq_harinas,fea_people_density_sqkm,nse_category,cluster_sales,cluster_geo,cluster_size,hubs_ps,density_category,total_sales_category,total_kgn_category,total_bultos_category,average_monthly_sales_category,average_monthly_kgn_category,average_active_monthly_sales_category,potencial
0,267410000000023,26741,23,MARIO OSCAR CORONEL,2006-10-11T00:00:00.000Z,-35.642091,-61.366405,10,KIOSCOS,C,10010999,Kioscos,BUENOS AIRES,Carlos Casares,69sm5x,111,CERETO GUSTAVO MARTIN,23,VALLEJO ANIBAL PABLO MATEO,10,MATTIO LUIS EMILIO,1,15 A 50,1,1,1,SI,SI,NO,SI,SI,NO,OTRO,NO,SI,NO,NO,SI,NO,SI,SI,ARCOR,NO,NO,SI,0.0,3.0,0.0,0.0,0.0,0.0,0.0,0.0,0.0,0.0,0.0,0.0,0.0,0.0,0.0,3.0,1.0,66215.1584,5694503.62,740.4462,218.8058,517682.1473,474541.9683,188594.822,67.3133,61.7038,8.6098,1.0,181.0,1.72,4.188,31.333,9.128,5.635,4.341,548.9921272277832,C2,2.0,3.0,2.0,232,Baja,Alto,Medio Alto,Alto,Alto,Medio Alto,Alto,Sin datos
1,267410000000024,26741,24,MARIO OSCAR CORONEL,2006-10-19T00:00:00.000Z,-35.331871,-61.611315,0,ALMACENES,B1,999,Almacenes,BUENOS AIRES,Lincoln,69spn0,111,CERETO GUSTAVO MARTIN,23,VALLEJO ANIBAL PABLO MATEO,10,MATTIO LUIS EMILIO,0,15 A 50,1,2,1,SI,NO,NO,NO,NO,NO,AVENIDA,NO,SI,SI,NO,SI,SI,SI,NO,COMPETENCIA,NO,NO,SI,0.0,0.0,0.0,0.0,0.0,0.0,0.0,0.0,1.0,0.0,0.0,0.0,0.0,0.0,0.0,1.0,4.0,179386.2267,8610538.8795,2788.4225,478.2007,782776.2618,717544.9066,282078.9985,253.493,232.3685,58.0921,1.0,247.0,1.2,7.617,16.273,22.364,14.32,9.676,145.53927612304688,C3,1.0,4.0,3.0,143,Baja,Alto,Alto,Alto,Alto,Alto,Alto,MANTENER
2,267410000000058,26741,58,MARIO OSCAR CORONEL,2006-10-11T00:00:00.000Z,-35.435844,-60.886467,0,ALMACENES,B2,999,Almacenes,BUENOS AIRES,9 de Julio,69swqm,111,CERETO GUSTAVO MARTIN,23,VALLEJO ANIBAL PABLO MATEO,10,MATTIO LUIS EMILIO,0,15 A 50,2 O MAS,2,1,SI,SI,NO,SI,NO,NO,ESQUINA EN AVENIDA,NO,SI,SI,SI,SI,SI,SI,SI,NO TIENE,SI,NO,SI,0.0,0.0,0.0,0.0,1.0,0.0,3.0,0.0,1.0,0.0,0.0,0.0,0.0,0.0,0.0,5.0,8.0,22972.5568,1309435.74,360.5673,63.4068,119039.6127,109119.645,28156.6318,32.7788,30.0473,6.3257,1.0,121.0,1.3902,6.196,14.304,13.696,14.0,8.262,1146.683282470703,C3,4.0,3.0,2.0,432,Media Baja,Medio Bajo,Medio Alto,Medio Bajo,Medio Bajo,Medio Alto,Medio Bajo,MANTENER
3,267410000000062,26741,62,MARIO OSCAR CORONEL,2006-10-11T00:00:00.000Z,-35.435334,-60.879946,0,ALMACENES,C,999,Almacenes,BUENOS AIRES,9 de Julio,69swqt,111,CERETO GUSTAVO MARTIN,23,VALLEJO ANIBAL PABLO MATEO,10,MATTIO LUIS EMILIO,0,50 A 100,2 O MAS,2,1,SI,SI,NO,SI,SI,SI,ESQUINA EN AVENIDA,NO,NO,SI,SI,SI,SI,SI,SI,PROPIO,SI,NO,SI,0.0,2.0,0.0,0.0,0.0,0.0,3.0,0.0,1.0,0.0,0.0,0.0,0.0,0.0,0.0,6.0,14.0,31829.6749,1495994.72,498.6547,92.6407,135999.52,124666.2267,41109.6539,45.3322,41.5546,10.6097,1.0,69.0,1.119,7.457,12.704,19.0,24.0,8.795,1146.683282470703,C3,4.0,4.0,1.0,441,Media Baja,Medio Alto,Medio Alto,Medio Alto,Medio Bajo,Medio Alto,Medio Bajo,MANTENER
4,267410000000067,26741,67,MARIO OSCAR CORONEL,2006-10-11T00:00:00.000Z,-35.618276,-61.368152,0,ALMACENES,B1,999,Almacenes,BUENOS AIRES,Carlos Casares,69sm7e,111,CERETO GUSTAVO MARTIN,23,VALLEJO ANIBAL PABLO MATEO,10,MATTIO LUIS EMILIO,0,50 A 100,2 O MAS,2,1,SI,SI,NO,SI,SI,NO,AVENIDA,NO,SI,SI,NO,SI,SI,SI,SI,COMPETENCIA,SI,NO,SI,0.0,5.0,0.0,2.0,0.0,1.0,3.0,1.0,6.0,4.0,2.0,2.0,0.0,0.0,0.0,26.0,16.0,59810.2287,4485767.15,997.7582,191.7256,407797.0136,373813.9292,113537.216,90.7053,83.1465,13.3034,1.0,208.0,1.5625,4.865,5.143,12.815,7.804,4.932,684.8961181640625,C2,2.0,3.0,1.0,231,Baja,Alto,Alto,Alto,Alto,Alto,Alto,OPORTUNIDAD
5,267410000000110,26741,110,MARIO OSCAR CORONEL,2006-10-11T00:00:00.000Z,-35.466187,-60.864906,0,ALMACENES,D,999,Almacenes,BUENOS AIRES,9 de Julio,69swnz,111,CERETO GUSTAVO MARTIN,23,VALLEJO ANIBAL PABLO MATEO,10,MATTIO LUIS EMILIO,1,15 A 50,1,2,1,SI,SI,NO,SI,SI,NO,OTRO,NO,SI,SI,NO,SI,SI,SI,SI,PROPIO,NO,NO,NO,0.0,1.0,0.0,1.0,0.0,0.0,0.0,0.0,1.0,1.0,0.0,0.0,0.0,0.0,0.0,4.0,13.0,14435.9879,765107.36,184.1358,32.1551,69555.2145,63758.9467,31437.9491,16.7396,15.3447,3.4743,1.0,64.0,1.2927,6.942,49.0,21.75,8.205,11.345,583.4754455566406,D1,4.0,4.0,2.0,442,Baja,Medio Bajo,Medio Bajo,Medio Bajo,Medio Bajo,Medio Bajo,Medio Bajo,MANTENER
6,267410000000121,26741,121,MARIO OSCAR CORONEL,2006-10-11T00:00:00.000Z,-35.448642,-60.891784,100100,NO TRADICIONALES,D,100100106999,Otros,BUENOS AIRES,9 de Julio,69swq6,111,CERETO GUSTAVO MARTIN,23,VALLEJO ANIBAL PABLO MATEO,10,MATTIO LUIS EMILIO,0,HASTA 15,0,0,1,SI,NO,NO,NO,SI,NO,AVENIDA,NO,NO,NO,SI,SI,NO,NO,NO,NO TIENE,SI,NO,NO,0.0,5.0,0.0,0.0,0.0,0.0,0.0,0.0,0.0,2.0,0.0,0.0,0.0,0.0,0.0,7.0,16.0,8735.6356,157241.44,17.2806,3.2609,14294.6764,14294.6764,8103.1005,1.571,1.571,0.96,0.0,9.0,1.0,20.176,0.0,0.0,21.438,0.0,2734.617431640625,C2,4.0,3.0,3.0,433,Media,Bajo,Bajo,Bajo,Bajo,Bajo,Bajo,OPORTUNIDAD
7,267410000000146,26741,146,MARIO OSCAR CORONEL,2006-10-11T00:00:00.000Z,-35.615018,-61.361795,20,AUTOSERVICIOS,B2,20023999,Autoservicio,BUENOS AIRES,Carlos Casares,69sm7s,111,CERETO GUSTAVO MARTIN,23,VALLEJO ANIBAL PABLO MATEO,10,MATTIO LUIS EMILIO,0,MAS DE 100,2 O MAS,3 O MAS,1,SI,SI,NO,SI,SI,NO,ESQUINA,NO,NO,SI,NO,SI,SI,SI,SI,PROPIO,SI,SI,SI,0.0,2.0,0.0,0.0,0.0,0.0,4.0,0.0,3.0,0.0,0.0,0.0,0.0,0.0,0.0,9.0,16.0,110130.6031,15087892.623,3548.1795,642.8371,1371626.6021,1257324.3853,342384.5046,322.5618,295.6816,25.8991,1.0,428.0,2.6863,2.669,2.771,7.761,3.946,2.729,1201.6268310546875,C3,1.0,3.0,1.0,131,Media Baja,Alto,Alto,Alto,Alto,Alto,Alto,MANTENER
8,267410000000288,26741,288,MARIO OSCAR CORONEL,2006-10-11T00:00:00.000Z,-35.446096,-60.884273,100100,NO TRADICIONALES,D,100100102999,Panaderías,BUENOS AIRES,9 de Julio,69swqe,111,CERETO GUSTAVO MARTIN,23,VALLEJO ANIBAL PABLO MATEO,10,MATTIO LUIS EMILIO,0,15 A 50,0,0,1,SI,NO,NO,NO,SI,NO,ESQUINA,NO,NO,NO,NO,NO,NO,NO,NO,NO TIENE,SI,NO,NO,0.0,15.0,0.0,1.0,1.0,6.0,1.0,1.0,2.0,6.0,3.0,1.0,1.0,0.0,0.0,38.0,39.0,21156.4187,169251.35,29.3329,6.0008,24178.7643,24178.7643,12793.0304,4.1904,4.1904,3.6666,0.0,12.0,1.0,29.0,0.0,0.0,29.0,0.0,2654.21435546875,C2,4.0,3.0,3.0,433,Media,Bajo,Bajo,Bajo,Bajo,Bajo,Bajo,OPORTUNIDAD
9,267410000000314,26741,314,MARIO OSCAR CORONEL,2006-10-11T00:00:00.000Z,-35.444636,-60.882714,0,ALMACENES,C,999,Almacenes,BUENOS AIRES,9 de Julio,69swqe,111,CERETO GUSTAVO MARTIN,23,VALLEJO ANIBAL PABLO MATEO,10,MATTIO LUIS EMILIO,0,15 A 50,0,2,1,SI,SI,NO,NO,SI,SI,OTRO,NO,NO,SI,SI,SI,SI,SI,SI,NO TIENE,NO,SI,NO,0.0,15.0,0.0,1.0,1.0,6.0,1.0,1.0,2.0,6.0,3.0,1.0,1.0,0.0,0.0,38.0,39.0,21684.5471,1474549.2,304.1263,63.7164,134049.9273,122879.1,37951.8832,27.6478,25.3439,4.4724,1.0,103.0,1.3878,5.269,14.12,29.4,13.154,5.269,2654.21435546875,C2,4.0,3.0,3.0,433,Media,Medio Alto,Medio Alto,Medio Bajo,Medio Bajo,Medio Bajo,Medio Bajo,MANTENER
10,267410000000405,26741,405,MARIO OSCAR CORONEL,2006-10-20T00:00:00.000Z,-35.649797,-60.707305,0,ALMACENES,B1,999,Almacenes,BUENOS AIRES,9 de Julio,69sv4w,111,CERETO GUSTAVO MARTIN,23,VALLEJO ANIBAL PABLO MATEO,10,MATTIO LUIS EMILIO,0,15 A 50,0,3 O MAS,1,SI,SI,NO,SI,SI,SI,ESQUINA,NO,SI,SI,SI,SI,SI,SI,SI,NO TIENE,SI,NO,NO,0.0,4.0,0.0,2.0,0.0,1.0,3.0,0.0,2.0,2.0,0.0,0.0,0.0,0.0,0.0,14.0,14.0,70174.7969,3578914.64,1093.5893,182.15,325355.8764,298242.8867,56323.8984,99.4172,91.1324,21.4429,1.0,201.0,1.02,7.14,7.438,14.583,8.5,7.438,400.65179443359375,C3,2.0,3.0,2.0,232,Baja,Medio Alto,Alto,Alto,Medio Alto,Alto,Medio Alto,MANTENER
11,267410000000412,26741,412,MARIO OSCAR CORONEL,2006-10-11T00:00:00.000Z,-35.624376,-61.372754,0,ALMACENES,B1,999,Almacenes,BUENOS AIRES,Carlos Casares,69sm76,111,CERETO GUSTAVO MARTIN,23,VALLEJO ANIBAL PABLO MATEO,10,MATTIO LUIS EMILIO,1,50 A 100,2 O MAS,3 O MAS,1,SI,SI,NO,SI,SI,SI,ESQUINA EN AVENIDA,NO,NO,SI,SI,SI,SI,SI,SI,PROPIO,NO,NO,NO,0.0,1.0,0.0,1.0,0.0,0.0,1.0,0.0,0.0,0.0,0.0,0.0,0.0,0.0,0.0,3.0,4.0,85058.271,4423030.09,1250.0325,225.061,402093.6445,368585.8408,101923.1118,113.6393,104.1694,24.0391,1.0,293.0,1.0612,6.804,6.94,10.733,8.675,7.886,1248.8179931640625,C3,2.0,4.0,1.0,241,Media Baja,Alto,Alto,Alto,Alto,Alto,Alto,MANTENER
12,267410000000431,26741,431,MARIO OSCAR CORONEL,2006-10-11T00:00:00.000Z,-35.620702,-61.360774,0,ALMACENES,A,999,Almacenes,BUENOS AIRES,Carlos Casares,69sm7e,111,CERETO GUSTAVO MARTIN,23,VALLEJO ANIBAL PABLO MATEO,10,MATTIO LUIS EMILIO,0,MAS DE 100,2 O MAS,0,1,SI,SI,NO,SI,SI,NO,AVENIDA,NO,SI,NO,NO,SI,NO,SI,NO,NO TIENE,SI,SI,SI,0.0,5.0,0.0,2.0,0.0,1.0,3.0,1.0,6.0,4.0,2.0,2.0,0.0,0.0,0.0,26.0,16.0,132773.6339,9825248.91,2491.0979,498.6789,893204.4464,818770.7425,314216.3228,226.4634,207.5915,33.6635,1.0,252.0,1.451,4.932,18.667,8.949,6.774,5.143,2247.08349609375,C2,1.0,3.0,1.0,131,Media,Alto,Alto,Alto,Alto,Alto,Alto,MANTENER
13,267410000000439,26741,439,MARIO OSCAR CORONEL,2006-10-11T00:00:00.000Z,-35.637931,-61.365698,20,AUTOSERVICIOS,D,20023999,Autoservicio,BUENOS AIRES,Carlos Casares,69sm78,111,CERETO GUSTAVO MARTIN,23,VALLEJO ANIBAL PABLO MATEO,10,MATTIO LUIS EMILIO,0,15 A 50,2 O MAS,2,1,SI,SI,NO,SI,SI,NO,AVENIDA,NO,NO,SI,NO,SI,SI,SI,SI,NO TIENE,NO,SI,SI,0.0,1.0,0.0,0.0,0.0,1.0,0.0,0.0,0.0,0.0,0.0,1.0,0.0,0.0,0.0,3.0,13.0,27200.7603,2094458.54,634.3116,117.1614,190405.3218,174538.2117,44162.2077,57.6647,52.8593,8.2378,1.0,153.0,1.6042,4.711,5.774,16.75,13.462,5.424,1286.1629638671875,C3,3.0,4.0,2.0,342,Media Baja,Medio Alto,Medio Alto,Medio Alto,Medio Alto,Medio Alto,Medio Alto,MANTENER
14,267410000000449,26741,449,MARIO OSCAR CORONEL,2006-10-11T00:00:00.000Z,-35.625971,-61.360218,0,ALMACENES,B1,999,Almacenes,BUENOS AIRES,Carlos Casares,69sm7d,111,CERETO GUSTAVO MARTIN,23,VALLEJO ANIBAL PABLO MATEO,10,MATTIO LUIS EMILIO,0,15 A 50,2 O MAS,2,1,SI,SI,NO,SI,SI,NO,ESQUINA,NO,NO,SI,SI,SI,SI,SI,SI,NO TIENE,NO,SI,SI,0.0,8.0,0.0,5.0,0.0,0.0,10.0,0.0,3.0,3.0,4.0,4.0,0.0,0.0,0.0,37.0,21.0,48235.6208,5788274.5,1438.6854,278.2344,526206.7727,482356.2083,117681.5276,130.7896,119.8905,11.989,1.0,162.0,2.3529,2.958,6.25,8.919,6.725,4.4,1269.8685302734375,C3,2.0,3.0,2.0,232,Media Baja,Alto,Alto,Alto,Alto,Alto,Alto,MANTENER
15,267410000000465,26741,465,MARIO OSCAR CORONEL,2006-10-11T00:00:00.000Z,-35.63498,-61.365319,10,KIOSCOS,A,10010999,Kioscos,BUENOS AIRES,Carlos Casares,69sm78,111,CERETO GUSTAVO MARTIN,23,VALLEJO ANIBAL PABLO MATEO,10,MATTIO LUIS EMILIO,0,HASTA 15,1,2,1,SI,SI,NO,NO,NO,SI,AVENIDA,NO,SI,NO,NO,SI,SI,SI,SI,COMPETENCIA,NO,NO,SI,0.0,1.0,0.0,0.0,0.0,1.0,0.0,0.0,0.0,0.0,0.0,1.0,0.0,0.0,0.0,3.0,13.0,47294.005,9316918.98,1538.1648,368.2856,846992.6345,776409.915,158094.629,139.8332,128.1804,7.8079,1.0,347.0,3.7885,1.857,6.94,2.679,1.957,1.995,1286.1629638671875,C3,2.0,4.0,3.0,243,Media Baja,Alto,Alto,Alto,Alto,Alto,Alto,MANTENER
16,267410000000524,26741,524,MARIO OSCAR CORONEL,2006-10-11T00:00:00.000Z,-35.62038,-61.367021,0,ALMACENES,D,999,Almacenes,BUENOS AIRES,Carlos Casares,69sm7e,111,CERETO GUSTAVO MARTIN,23,VALLEJO ANIBAL PABLO MATEO,10,MATTIO LUIS EMILIO,0,HASTA 15,1,1,1,SI,NO,NO,NO,NO,NO,AVENIDA,NO,NO,SI,NO,SI,SI,SI,NO,NO TIENE,NO,NO,NO,0.0,5.0,0.0,2.0,0.0,1.0,3.0,1.0,6.0,4.0,2.0,2.0,0.0,0.0,0.0,26.0,16.0,5727.1578,211904.84,93.635,10.4372,19264.0764,17658.7367,11456.859,8.5123,7.8029,2.5307,1.0,22.0,1.3704,9.194,33.0,46.667,23.571,35.2,2247.08349609375,C2,4.0,3.0,3.0,433,Media,Bajo,Bajo,Bajo,Bajo,Bajo,Bajo,OPORTUNIDAD
17,267410000000537,26741,537,MARIO OSCAR CORONEL,2006-10-11T00:00:00.000Z,-35.618084,-61.364224,0,ALMACENES,B2,999,Almacenes,BUENOS AIRES,Carlos Casares,69sm7e,111,CERETO GUSTAVO MARTIN,23,VALLEJO ANIBAL PABLO MATEO,10,MATTIO LUIS EMILIO,0,15 A 50,1,2,1,SI,SI,NO,SI,NO,NO,ESQUINA,NO,SI,SI,NO,SI,SI,SI,NO,NO TIENE,NO,NO,SI,0.0,5.0,0.0,2.0,0.0,1.0,3.0,1.0,6.0,4.0,2.0,2.0,0.0,0.0,0.0,26.0,16.0,25617.4751,2203102.86,546.8812,103.5051,200282.0782,183591.905,40652.6523,49.7165,45.5734,6.3591,1.0,190.0,1.6863,4.259,6.033,12.542,10.0,5.324,2247.08349609375,C2,3.0,3.0,2.0,332,Media,Medio Alto,Medio Alto,Medio Alto,Medio Alto,Medio Alto,Medio Alto,MANTENER
18,267410000000554,26741,554,MARIO OSCAR CORONEL,2006-10-11T00:00:00.000Z,-35.004708,-61.046708,0,ALMACENES,B1,999,Almacenes,BUENOS AIRES,General Viamonte,69u8fg,111,CERETO GUSTAVO MARTIN,23,VALLEJO ANIBAL PABLO MATEO,10,MATTIO LUIS EMILIO,0,15 A 50,0,1,1,SI,SI,NO,SI,NO,NO,OTRO,NO,SI,SI,SI,SI,SI,SI,NO,NO TIENE,NO,NO,NO,0.0,2.0,0.0,2.0,0.0,1.0,0.0,0.0,1.0,0.0,1.0,0.0,0.0,0.0,0.0,7.0,16.0,28067.2841,2862862.98,886.1501,170.7365,260260.2709,238571.915,86927.7398,80.5591,73.8458,8.6877,1.0,150.0,2.0,3.525,6.034,13.136,17.706,4.506,807.6010955810547,D1,3.0,4.0,2.0,342,Baja,Medio Alto,Alto,Medio Alto,Medio Alto,Alto,Medio Alto,MANTENER
19,267410000000582,26741,582,MARIO OSCAR CORONEL,2006-10-11T00:00:00.000Z,-34.996526,-61.041075,0,ALMACENES,B1,999,Almacenes,BUENOS AIRES,General Viamonte,69u8fv,111,CERETO GUSTAVO MARTIN,23,VALLEJO ANIBAL PABLO MATEO,10,MATTIO LUIS EMILIO,0,HASTA 15,0,1,1,SI,SI,NO,NO,NO,NO,ESQUINA,NO,SI,SI,SI,SI,SI,SI,NO,PROPIO,NO,NO,NO,0.0,2.0,0.0,0.0,0.0,0.0,0.0,0.0,0.0,0.0,0.0,1.0,0.0,0.0,0.0,3.0,5.0,26842.3354,2952656.89,887.1723,167.7624,268423.3536,246054.7408,45325.9991,80.652,73.931,8.0652,1.0,148.0,2.1154,3.294,4.787,6.679,9.205,3.59,1737.5380859375,C3,3.0,4.0,3.0,343,Media Baja,Medio Alto,Alto,Medio Alto,Medio Alto,Alto,Medio Alto,MANTENER
20,267410000000591,26741,591,MARIO OSCAR CORONEL,2006-10-11T00:00:00.000Z,-35.002074,-61.037473,10,KIOSCOS,A,10010999,Kioscos,BUENOS AIRES,General Viamonte,69u8gh,111,CERETO GUSTAVO MARTIN,23,VALLEJO ANIBAL PABLO MATEO,10,MATTIO LUIS EMILIO,Sin datos,Sin datos,Sin datos,Sin datos,Sin datos,Sin datos,Sin datos,Sin datos,Sin datos,Sin datos,Sin datos,Sin datos,Sin datos,Sin datos,Sin datos,Sin datos,Sin datos,Sin datos,Sin datos,Sin datos,Sin datos,Sin datos,Sin datos,Sin datos,0.0,8.0,0.0,7.0,2.0,1.0,2.0,0.0,8.0,3.0,3.0,1.0,0.0,0.0,0.0,35.0,30.0,126795.9361,14835124.529,2491.2009,564.5966,1348647.6845,1236260.3774,451922.5303,226.4728,207.6001,21.2923,1.0,467.0,2.25,3.069,6.364,5.209,4.564,3.423,1286.4820556640625,C2,1.0,3.0,0.0,130,Media Baja,Alto,Alto,Alto,Alto,Alto,Alto,MANTENER
21,267410000000609,26741,609,MARIO OSCAR CORONEL,2006-10-11T00:00:00.000Z,-34.999157,-61.038093,100100,NO TRADICIONALES,B2,100100106999,Otros,BUENOS AIRES,General Viamonte,69u8gh,111,CERETO GUSTAVO MARTIN,23,VALLEJO ANIBAL PABLO MATEO,10,MATTIO LUIS EMILIO,0,HASTA 15,0,1,1,SI,NO,NO,NO,SI,NO,OTRO,NO,NO,NO,NO,NO,NO,NO,NO,NO TIENE,NO,NO,NO,0.0,8.0,0.0,7.0,2.0,1.0,2.0,0.0,8.0,3.0,3.0,1.0,0.0,0.0,0.0,35.0,30.0,21333.4916,1642678.85,213.9854,56.1576,149334.4409,136889.9042,57929.8155,19.4532,17.8321,2.779,1.0,98.0,1.7111,4.592,61.333,16.15,9.184,4.915,1737.5380859375,C3,4.0,3.0,3.0,433,Media Baja,Medio Alto,Medio Bajo,Medio Bajo,Medio Alto,Medio Bajo,Medio Bajo,OPORTUNIDAD
22,267410000000702,26741,702,MARIO OSCAR CORONEL,2006-10-19T00:00:00.000Z,-35.775062,-60.352041,0,ALMACENES,B2,999,Almacenes,BUENOS AIRES,25 de Mayo,69th6x,111,CERETO GUSTAVO MARTIN,23,VALLEJO ANIBAL PABLO MATEO,10,MATTIO LUIS EMILIO,0,15 A 50,0,1,1,SI,SI,NO,SI,SI,NO,AVENIDA,NO,NO,SI,SI,SI,SI,SI,NO,PROPIO,NO,NO,NO,0.0,0.0,0.0,0.0,0.0,0.0,0.0,0.0,0.0,0.0,0.0,0.0,0.0,0.0,0.0,0.0,2.0,174451.0982,2965668.67,734.6721,138.574,269606.2427,269606.2427,116074.2642,66.7884,66.7884,43.216,1.0,99.0,1.1333,20.938,22.333,25.769,23.929,23.929,24.224838256835938,C3,2.0,4.0,2.0,242,Baja,Medio Alto,Medio Alto,Medio Alto,Medio Alto,Medio Alto,Medio Alto,MANTENER
23,267410000000756,26741,756,MARIO OSCAR CORONEL,2006-10-19T00:00:00.000Z,-35.362902,-61.806233,0,ALMACENES,B1,999,Almacenes,BUENOS AIRES,Lincoln,69sncd,111,CERETO GUSTAVO MARTIN,23,VALLEJO ANIBAL PABLO MATEO,10,MATTIO LUIS EMILIO,0,15 A 50,1,1,1,SI,NO,NO,SI,SI,NO,AVENIDA,NO,NO,SI,NO,SI,SI,SI,NO,COMPETENCIA,NO,NO,NO,0.0,0.0,0.0,1.0,0.0,0.0,1.0,0.0,0.0,0.0,0.0,0.0,0.0,0.0,0.0,2.0,5.0,125273.6131,6138407.04,1387.5746,269.7607,558037.0036,511533.92,135229.0375,126.1431,115.6312,28.3178,1.0,129.0,1.0652,7.292,7.292,7.609,7.292,7.292,75.86688232421875,C2,2.0,4.0,2.0,242,Baja,Alto,Alto,Alto,Alto,Alto,Alto,MANTENER
24,267410000000784,26741,784,MARIO OSCAR CORONEL,2006-10-19T00:00:00.000Z,-35.455488,-60.904862,10,KIOSCOS,A,10010999,Kioscos,BUENOS AIRES,9 de Julio,69swq1,111,CERETO GUSTAVO MARTIN,23,VALLEJO ANIBAL PABLO MATEO,10,MATTIO LUIS EMILIO,Sin datos,Sin datos,Sin datos,Sin datos,Sin datos,Sin datos,Sin datos,Sin datos,Sin datos,Sin datos,Sin datos,Sin datos,Sin datos,Sin datos,Sin datos,Sin datos,Sin datos,Sin datos,Sin datos,Sin datos,Sin datos,Sin datos,Sin datos,Sin datos,0.0,0.0,0.0,0.0,0.0,0.0,2.0,0.0,0.0,0.0,0.0,0.0,0.0,0.0,0.0,2.0,17.0,148570.9686,10845680.71,3488.1671,619.3139,985970.9736,903806.7258,213656.2382,317.1061,290.6806,47.7831,1.0,257.0,1.5532,4.931,5.462,11.103,7.659,6.121,820.2872924804688,C2,1.0,3.0,0.0,130,Baja,Alto,Alto,Alto,Alto,Alto,Alto,MANTENER
25,267410000000803,26741,803,MARIO OSCAR CORONEL,2006-10-19T00:00:00.000Z,-35.294245,-61.408799,0,ALMACENES,C,999,Almacenes,BUENOS AIRES,9 de Julio,69sr4w,111,CERETO GUSTAVO MARTIN,23,VALLEJO ANIBAL PABLO MATEO,10,MATTIO LUIS EMILIO,0,15 A 50,1,1,1,SI,NO,NO,SI,NO,NO,AVENIDA,NO,SI,SI,NO,SI,SI,SI,NO,NO TIENE,NO,NO,NO,0.0,0.0,0.0,0.0,0.0,0.0,0.0,0.0,0.0,0.0,0.0,0.0,0.0,0.0,0.0,0.0,3.0,29106.3332,1455316.66,552.7867,87.0772,132301.5145,121276.3883,39593.9723,50.2533,46.0656,11.0557,1.0,95.0,1.0417,7.286,7.286,12.923,161.0,7.761,260.7515563964844,C3,3.0,4.0,2.0,342,Baja,Medio Alto,Medio Alto,Medio Alto,Medio Bajo,Medio Alto,Medio Bajo,MANTENER
26,267410000000810,26741,810,MARIO OSCAR CORONEL,2006-10-19T00:00:00.000Z,-35.289859,-61.413008,100100,NO TRADICIONALES,D,100100106999,Otros,BUENOS AIRES,9 de Julio,69sr4x,111,CERETO GUSTAVO MARTIN,23,VALLEJO ANIBAL PABLO MATEO,10,MATTIO LUIS EMILIO,0,15 A 50,1,1,1,SI,NO,NO,NO,NO,NO,ESQUINA,NO,NO,SI,NO,SI,SI,SI,NO,NO TIENE,NO,NO,NO,0.0,2.0,0.0,5.0,1.0,0.0,2.0,0.0,1.0,0.0,2.0,0.0,0.0,0.0,0.0,13.0,21.0,18355.3871,128487.71,39.7668,6.8036,11680.7009,21414.6183,7846.3972,3.6152,6.6278,5.681,0.0,19.0,1.0,38.667,38.667,48.0,0.0,43.75,259.3900680541992,C3,4.0,3.0,3.0,433,Baja,Bajo,Bajo,Bajo,Bajo,Bajo,Bajo,OPORTUNIDAD
27,267410000000818,26741,818,MARIO OSCAR CORONEL,2006-10-19T00:00:00.000Z,-35.292486,-61.40321,20,AUTOSERVICIOS,D,20023999,Autoservicio,BUENOS AIRES,9 de Julio,69sr4x,111,CERETO GUSTAVO MARTIN,23,VALLEJO ANIBAL PABLO MATEO,10,MATTIO LUIS EMILIO,0,50 A 100,2 O MAS,2,1,SI,SI,NO,SI,SI,NO,AVENIDA,NO,NO,SI,NO,SI,SI,SI,NO,NO TIENE,NO,NO,SI,0.0,2.0,0.0,5.0,1.0,0.0,2.0,0.0,1.0,0.0,2.0,0.0,0.0,0.0,0.0,13.0,21.0,40752.0689,1833843.1,555.9148,92.8113,166713.0091,152820.2583,44922.0188,50.5377,46.3262,12.3537,1.0,128.0,1.0714,7.818,9.297,16.667,10.118,11.097,456.16741943359375,C2,3.0,3.0,1.0,331,Baja,Medio Alto,Medio Alto,Medio Alto,Medio Alto,Medio Alto,Medio Alto,MANTENER
28,267410000000834,26741,834,MARIO OSCAR CORONEL,2006-10-19T00:00:00.000Z,-35.292435,-61.406865,100100,NO TRADICIONALES,B1,100100106999,Otros,BUENOS AIRES,9 de Julio,69sr4x,111,CERETO GUSTAVO MARTIN,23,VALLEJO ANIBAL PABLO MATEO,10,MATTIO LUIS EMILIO,0,MAS DE 100,1,1,1,SI,NO,NO,SI,SI,NO,AVENIDA,NO,NO,NO,SI,SI,NO,SI,NO,NO TIENE,NO,SI,NO,0.0,2.0,0.0,5.0,1.0,0.0,2.0,0.0,1.0,0.0,2.0,0.0,0.0,0.0,0.0,13.0,21.0,75691.1294,4011629.86,548.0387,138.6266,364693.6236,334302.4883,86581.618,49.8217,45.6699,10.3404,0.0,166.0,1.0816,6.885,0.0,7.02,6.885,7.02,549.9046020507812,C3,3.0,3.0,1.0,331,Baja,Alto,Medio Alto,Medio Alto,Medio Alto,Medio Alto,Medio Alto,MANTENER
29,267410000000863,26741,863,MARIO OSCAR CORONEL,2006-10-19T00:00:00.000Z,-35.331307,-61.616169,0,ALMACENES,D,999,Almacenes,BUENOS AIRES,Lincoln,69spjb,111,CERETO GUSTAVO MARTIN,23,VALLEJO ANIBAL PABLO MATEO,10,MATTIO LUIS EMILIO,0,HASTA 15,0,0,1,SI,NO,NO,NO,NO,NO,ESQUINA,NO,NO,SI,NO,SI,NO,NO,SI,NO TIENE,NO,NO,NO,0.0,1.0,0.0,4.0,0.0,1.0,2.0,0.0,2.0,1.0,1.0,0.0,0.0,0.0,0.0,12.0,10.0,15906.9492,381766.78,122.8445,22.6452,34706.0709,31813.8983,10459.3577,11.1677,10.237,5.1185,1.0,36.0,1.0,15.261,20.647,0.0,27.5,16.714,426.0027160644531,C2,4.0,3.0,3.0,433,Baja,Bajo,Medio Bajo,Bajo,Bajo,Bajo,Bajo,OPORTUNIDAD
30,267410000001107,26741,1107,MARIO OSCAR CORONEL,2006-10-20T00:00:00.000Z,-35.635499,-61.370557,0,ALMACENES,D,999,Almacenes,BUENOS AIRES,Carlos Casares,69sm72,111,CERETO GUSTAVO MARTIN,23,VALLEJO ANIBAL PABLO MATEO,10,MATTIO LUIS EMILIO,0,HASTA 15,1,0,1,SI,SI,NO,SI,SI,NO,AVENIDA,NO,NO,SI,SI,SI,SI,SI,NO,COMPETENCIA,NO,NO,SI,0.0,0.0,0.0,1.0,0.0,0.0,4.0,0.0,0.0,0.0,0.0,0.0,0.0,0.0,0.0,5.0,2.0,11724.8015,457267.26,135.7486,22.307,41569.7509,38105.605,20753.2929,12.3408,11.3124,3.4807,1.0,28.0,1.0263,9.368,11.29,0.0,28.0,18.313,1078.6484008789062,C3,4.0,3.0,3.0,433,Media Baja,Bajo,Medio Bajo,Bajo,Bajo,Medio Bajo,Bajo,MANTENER
31,267410000001110,26741,1110,MARIO OSCAR CORONEL,2006-10-11T00:00:00.000Z,-35.433107,-60.891402,0,ALMACENES,B1,999,Almacenes,BUENOS AIRES,9 de Julio,69swqm,111,CERETO GUSTAVO MARTIN,23,VALLEJO ANIBAL PABLO MATEO,10,MATTIO LUIS EMILIO,1,50 A 100,2 O MAS,2,2,SI,SI,NO,SI,SI,NO,OTRO,NO,SI,SI,SI,SI,SI,SI,SI,COMPETENCIA,SI,NO,SI,0.0,0.0,0.0,0.0,1.0,0.0,3.0,0.0,1.0,0.0,0.0,0.0,0.0,0.0,0.0,5.0,8.0,49052.0451,4856152.4661,1367.3534,224.2566,441468.406,404679.3722,90812.9122,124.3049,113.9461,13.8117,1.0,245.0,1.9412,3.643,4.487,7.271,7.292,3.88,962.1057739257812,C2,2.0,3.0,1.0,231,Baja,Alto,Alto,Alto,Alto,Alto,Alto,MANTENER
32,267410000001295,26741,1295,MARIO OSCAR CORONEL,2006-10-11T00:00:00.000Z,-35.002821,-61.043297,20,AUTOSERVICIOS,D,20023999,Autoservicio,BUENOS AIRES,General Viamonte,69u8fg,111,CERETO GUSTAVO MARTIN,23,VALLEJO ANIBAL PABLO MATEO,10,MATTIO LUIS EMILIO,0,50 A 100,2 O MAS,3 O MAS,1,SI,SI,NO,SI,SI,NO,ESQUINA,NO,SI,SI,SI,SI,SI,SI,NO,PROPIO,NO,NO,SI,0.0,2.0,0.0,2.0,0.0,1.0,0.0,0.0,1.0,0.0,1.0,0.0,0.0,0.0,0.0,7.0,16.0,124032.3442,3224840.95,917.277,192.3106,293167.3591,293167.3591,123217.2286,83.3888,83.3888,35.2799,1.0,225.0,1.1304,12.68,22.643,20.462,23.333,17.611,1752.5482177734375,D1,2.0,4.0,1.0,241,Media Baja,Medio Alto,Alto,Alto,Medio Alto,Alto,Medio Alto,OPORTUNIDAD
33,267410000001321,26741,1321,MARIO OSCAR CORONEL,2006-10-11T00:00:00.000Z,-35.000607,-61.037452,10,KIOSCOS,A,10010999,Kioscos,BUENOS AIRES,General Viamonte,69u8gh,111,CERETO GUSTAVO MARTIN,23,VALLEJO ANIBAL PABLO MATEO,10,MATTIO LUIS EMILIO,Sin datos,Sin datos,Sin datos,Sin datos,Sin datos,Sin datos,Sin datos,Sin datos,Sin datos,Sin datos,Sin datos,Sin datos,Sin datos,Sin datos,Sin datos,Sin datos,Sin datos,Sin datos,Sin datos,Sin datos,Sin datos,Sin datos,Sin datos,Sin datos,0.0,8.0,0.0,7.0,2.0,1.0,2.0,0.0,8.0,3.0,3.0,1.0,0.0,0.0,0.0,35.0,30.0,151010.7244,15403093.887,1700.7688,639.0774,1400281.2625,1283591.1573,507820.862,154.6153,141.7307,16.6742,1.0,274.0,2.125,3.604,20.4,5.485,4.919,5.028,1737.5380859375,C3,2.0,3.0,0.0,230,Media Baja,Alto,Alto,Alto,Alto,Alto,Alto,MANTENER
34,267410000001422,26741,1422,MARIO OSCAR CORONEL,2006-10-11T00:00:00.000Z,-34.995183,-61.033963,10,KIOSCOS,A,10010999,Kioscos,BUENOS AIRES,General Viamonte,69u8gj,111,CERETO GUSTAVO MARTIN,23,VALLEJO ANIBAL PABLO MATEO,10,MATTIO LUIS EMILIO,2 O MAS,HASTA 15,0,1,1,SI,SI,NO,SI,SI,SI,ESQUINA,NO,SI,SI,SI,SI,SI,SI,NO,PROPIO,NO,NO,NO,0.0,1.0,0.0,3.0,0.0,0.0,2.0,0.0,0.0,0.0,0.0,0.0,0.0,0.0,0.0,6.0,9.0,182758.8008,17179327.2796,3050.8116,721.6105,1561757.0254,1431610.6066,760870.7471,277.3465,254.2343,32.4554,1.0,258.0,2.0435,3.903,11.613,5.186,6.4,4.932,1643.36767578125,C3,1.0,4.0,2.0,142,Media Baja,Alto,Alto,Alto,Alto,Alto,Alto,MANTENER
35,267410000001498,26741,1498,MARIO OSCAR CORONEL,2006-10-11T00:00:00.000Z,-35.440415,-60.895858,0,ALMACENES,C,999,Almacenes,BUENOS AIRES,9 de Julio,69swqk,111,CERETO GUSTAVO MARTIN,23,VALLEJO ANIBAL PABLO MATEO,10,MATTIO LUIS EMILIO,0,15 A 50,1,1,1,SI,SI,NO,SI,NO,NO,AVENIDA,NO,NO,SI,SI,SI,SI,SI,NO,PROPIO,NO,NO,NO,0.0,2.0,0.0,0.0,0.0,0.0,0.0,0.0,1.0,3.0,0.0,1.0,1.0,0.0,0.0,8.0,19.0,12935.0642,827844.11,187.6469,40.6146,75258.5555,68987.0092,24288.8546,17.0588,15.6372,2.932,1.0,110.0,1.4545,5.444,11.828,13.917,9.026,8.195,2268.18896484375,C3,4.0,3.0,2.0,432,Media,Medio Bajo,Medio Bajo,Medio Bajo,Medio Bajo,Medio Bajo,Medio Bajo,MANTENER
36,267410000001568,26741,1568,MARIO OSCAR CORONEL,2006-10-11T00:00:00.000Z,-35.445984,-60.882505,0,ALMACENES,B1,999,Almacenes,BUENOS AIRES,9 de Julio,69swqe,111,CERETO GUSTAVO MARTIN,23,VALLEJO ANIBAL PABLO MATEO,10,MATTIO LUIS EMILIO,0,HASTA 15,1,2,1,SI,SI,NO,SI,SI,SI,AVENIDA,NO,SI,SI,SI,SI,SI,SI,SI,COMPETENCIA,NO,SI,NO,0.0,15.0,0.0,1.0,1.0,6.0,1.0,1.0,2.0,6.0,3.0,1.0,1.0,0.0,0.0,38.0,39.0,41999.0339,3191926.58,712.9395,130.0151,290175.1436,265993.8817,108201.6347,64.8127,59.4116,9.3808,1.0,256.0,1.6522,4.8,7.041,10.433,6.316,6.545,2654.21435546875,C2,3.0,1.0,2.0,312,Media,Medio Alto,Medio Alto,Medio Alto,Medio Alto,Medio Alto,Medio Alto,OPORTUNIDAD
37,267410000001595,26741,1595,MARIO OSCAR CORONEL,2006-10-11T00:00:00.000Z,-35.433028,-60.887351,100100,NO TRADICIONALES,D,100100106999,Otros,BUENOS AIRES,9 de Julio,69swqm,111,CERETO GUSTAVO MARTIN,23,VALLEJO ANIBAL PABLO MATEO,10,MATTIO LUIS EMILIO,0,15 A 50,0,1,1,SI,SI,NO,SI,SI,NO,OTRO,NO,NO,SI,NO,SI,NO,SI,SI,PROPIO,SI,NO,NO,0.0,0.0,0.0,0.0,1.0,0.0,3.0,0.0,1.0,0.0,0.0,0.0,0.0,0.0,0.0,5.0,8.0,29948.7711,1407592.24,324.7038,69.5583,175949.03,156399.1378,91509.5338,40.588,36.0782,6.9086,1.0,108.0,1.4242,5.326,9.423,13.929,27.75,8.207,1146.683282470703,C2,3.0,3.0,2.0,332,Media Baja,Medio Bajo,Medio Alto,Medio Alto,Medio Alto,Medio Alto,Medio Alto,OPORTUNIDAD
38,267410000001692,26741,1692,MARIO OSCAR CORONEL,2006-10-11T00:00:00.000Z,-35.625625,-61.364851,0,ALMACENES,B1,999,Almacenes,BUENOS AIRES,Carlos Casares,69sm7d,111,CERETO GUSTAVO MARTIN,23,VALLEJO ANIBAL PABLO MATEO,10,MATTIO LUIS EMILIO,0,15 A 50,1,3 O MAS,1,SI,SI,NO,SI,SI,SI,AVENIDA,NO,NO,SI,SI,SI,NO,SI,NO,NO TIENE,SI,NO,NO,0.0,8.0,0.0,5.0,0.0,0.0,10.0,0.0,3.0,3.0,4.0,4.0,0.0,0.0,0.0,37.0,21.0,61393.4697,3499427.775,496.5629,135.1683,318129.7977,291618.9812,62013.0115,45.1421,41.3802,8.7116,1.0,217.0,1.14,6.25,0.0,8.575,7.447,6.25,1545.5497802734376,C2,3.0,3.0,2.0,332,Media Baja,Medio Alto,Medio Alto,Medio Alto,Medio Alto,Medio Alto,Medio Alto,OPORTUNIDAD
39,267410000001717,26741,1717,MARIO OSCAR CORONEL,2006-10-11T00:00:00.000Z,-35.452185,-60.876362,10,KIOSCOS,B1,10010999,Kioscos,BUENOS AIRES,9 de Julio,69swqd,111,CERETO GUSTAVO MARTIN,23,VALLEJO ANIBAL PABLO MATEO,10,MATTIO LUIS EMILIO,Sin datos,Sin datos,Sin datos,Sin datos,Sin datos,Sin datos,Sin datos,Sin datos,Sin datos,Sin datos,Sin datos,Sin datos,Sin datos,Sin datos,Sin datos,Sin datos,Sin datos,Sin datos,Sin datos,Sin datos,Sin datos,Sin datos,Sin datos,Sin datos,0.0,9.0,0.0,1.0,0.0,2.0,3.0,0.0,1.0,1.0,1.0,2.0,0.0,0.0,0.0,20.0,13.0,283885.2257,19020310.12,2137.6321,641.2246,1729119.1018,1585025.8433,477018.8254,194.3302,178.136,31.905,1.0,357.0,1.3137,5.318,25.667,5.833,5.754,5.754,1912.01435546875,C2,1.0,3.0,0.0,130,Media Baja,Alto,Alto,Alto,Alto,Alto,Alto,Sin datos
40,267410000003017,26741,3017,MARIO OSCAR CORONEL,2006-10-11T00:00:00.000Z,-35.618995,-61.352774,20,AUTOSERVICIOS,D,20023999,Autoservicio,BUENOS AIRES,Carlos Casares,69sm7g,111,CERETO GUSTAVO MARTIN,23,VALLEJO ANIBAL PABLO MATEO,10,MATTIO LUIS EMILIO,0,50 A 100,2 O MAS,2,1,SI,SI,NO,SI,SI,SI,ESQUINA,NO,NO,SI,NO,SI,SI,SI,NO,PROPIO,NO,NO,NO,0.0,4.0,0.0,1.0,0.0,0.0,2.0,1.0,1.0,0.0,0.0,1.0,0.0,0.0,0.0,10.0,9.0,86101.4106,4132867.71,891.579,187.913,375715.2464,344405.6425,108612.7442,81.0526,74.2983,18.5746,1.0,244.0,1.1429,7.745,8.465,17.1,10.111,8.089,1070.6156311035156,C3,2.0,3.0,1.0,231,Media Baja,Alto,Alto,Alto,Medio Alto,Alto,Medio Alto,OPORTUNIDAD
41,267410000003034,26741,3034,MARIO OSCAR CORONEL,2006-10-11T00:00:00.000Z,-35.616423,-61.358537,0,ALMACENES,B2,999,Almacenes,BUENOS AIRES,Carlos Casares,69sm7u,111,CERETO GUSTAVO MARTIN,23,VALLEJO ANIBAL PABLO MATEO,10,MATTIO LUIS EMILIO,0,HASTA 15,1,1,1,SI,SI,NO,SI,SI,NO,OTRO,NO,NO,SI,NO,SI,SI,SI,SI,PROPIO,NO,SI,NO,0.0,4.0,0.0,0.0,0.0,1.0,3.0,0.0,0.0,1.0,0.0,0.0,0.0,0.0,0.0,9.0,14.0,29842.9282,3282722.1,839.455,156.0589,298429.2818,273560.175,75672.3035,76.3141,69.9546,7.6314,1.0,208.0,2.1154,3.339,4.0,6.72,7.745,4.09,1070.6156311035156,C3,3.0,4.0,3.0,343,Media Baja,Medio Alto,Alto,Medio Alto,Medio Alto,Alto,Medio Alto,MANTENER
42,267410000003041,26741,3041,MARIO OSCAR CORONEL,2006-10-11T00:00:00.000Z,-35.613245,-61.35102,0,ALMACENES,C,999,Almacenes,BUENOS AIRES,Carlos Casares,69sm7u,111,CERETO GUSTAVO MARTIN,23,VALLEJO ANIBAL PABLO MATEO,10,MATTIO LUIS EMILIO,1,15 A 50,1,2,1,SI,SI,NO,NO,SI,SI,OTRO,NO,NO,SI,SI,SI,SI,SI,SI,COMPETENCIA,NO,NO,NO,0.0,4.0,0.0,0.0,0.0,1.0,3.0,0.0,0.0,1.0,0.0,0.0,0.0,0.0,0.0,9.0,14.0,24326.7657,1143357.99,237.6932,50.0788,103941.6355,95279.8325,35416.945,21.6085,19.8078,5.0573,1.0,117.0,1.3824,7.587,10.645,17.167,18.105,8.425,998.6586303710938,C3,4.0,4.0,3.0,443,Baja,Medio Bajo,Medio Bajo,Medio Bajo,Medio Bajo,Medio Bajo,Medio Bajo,MANTENER
43,267410000006114,26741,6114,MARIO OSCAR CORONEL,2006-10-23T00:00:00.000Z,-35.479555,-61.495148,0,ALMACENES,B1,999,Almacenes,BUENOS AIRES,Carlos Casares,69sq0t,111,CERETO GUSTAVO MARTIN,23,VALLEJO ANIBAL PABLO MATEO,10,MATTIO LUIS EMILIO,1,15 A 50,1,3 O MAS,1,SI,SI,NO,SI,SI,SI,AVENIDA,NO,SI,SI,SI,SI,SI,SI,SI,COMPETENCIA,NO,NO,NO,0.0,0.0,0.0,1.0,0.0,0.0,1.0,0.0,1.0,0.0,0.0,0.0,0.0,0.0,0.0,3.0,6.0,68931.9856,1861163.61,436.8781,84.732,186116.361,206795.9567,115103.7472,43.6878,48.542,16.1807,1.0,146.0,1.1739,10.0,13.0,10.0,10.5,10.08,354.236083984375,C3,3.0,4.0,2.0,342,Baja,Medio Alto,Medio Alto,Medio Alto,Medio Alto,Medio Alto,Medio Alto,MANTENER
44,267410000006165,26741,6165,MARIO OSCAR CORONEL,2006-10-27T00:00:00.000Z,-35.459093,-60.869832,0,ALMACENES,B2,999,Almacenes,BUENOS AIRES,9 de Julio,69swqb,111,CERETO GUSTAVO MARTIN,23,VALLEJO ANIBAL PABLO MATEO,10,MATTIO LUIS EMILIO,1,15 A 50,1,1,1,SI,SI,NO,SI,SI,SI,OTRO,NO,NO,SI,SI,SI,SI,SI,SI,COMPETENCIA,NO,NO,NO,0.0,0.0,0.0,0.0,1.0,0.0,1.0,0.0,0.0,0.0,0.0,0.0,0.0,0.0,0.0,2.0,20.0,32577.683,3127457.57,714.669,161.7801,284314.3245,260621.4642,52716.2092,64.9699,59.5558,7.4445,1.0,173.0,1.8824,3.832,8.114,11.308,7.429,4.5,690.5350280761719,D1,3.0,4.0,2.0,342,Baja,Medio Alto,Medio Alto,Medio Alto,Medio Alto,Medio Alto,Medio Alto,MANTENER
45,267410000006404,26741,6404,MARIO OSCAR CORONEL,2007-02-20T00:00:00.000Z,-35.497614,-60.875956,0,ALMACENES,B2,999,Almacenes,BUENOS AIRES,9 de Julio,69swn9,111,CERETO GUSTAVO MARTIN,23,VALLEJO ANIBAL PABLO MATEO,10,MATTIO LUIS EMILIO,1,15 A 50,2 O MAS,2,1,SI,SI,NO,SI,SI,SI,ESQUINA,NO,SI,SI,SI,SI,SI,SI,NO,ARCOR,SI,NO,NO,0.0,0.0,0.0,0.0,0.0,0.0,0.0,0.0,0.0,0.0,0.0,0.0,0.0,0.0,0.0,0.0,1.0,52799.9889,2006399.58,382.9403,85.7457,182399.9618,167199.965,63009.2376,34.8128,31.9117,10.0774,0.0,133.0,1.0,8.865,13.12,9.71,13.12,9.371,89.52977752685547,C3,3.0,4.0,2.0,342,Baja,Medio Alto,Medio Alto,Medio Alto,Medio Alto,Medio Alto,Medio Alto,MANTENER
46,267410000006559,26741,6559,MARIO OSCAR CORONEL,2007-06-21T00:00:00.000Z,-35.518383,-60.999976,100100,NO TRADICIONALES,B2,100100102999,Panaderías,BUENOS AIRES,9 de Julio,69stgy,111,CERETO GUSTAVO MARTIN,23,VALLEJO ANIBAL PABLO MATEO,10,MATTIO LUIS EMILIO,0,15 A 50,0,1,1,SI,NO,NO,NO,SI,NO,ESQUINA EN AVENIDA,NO,NO,SI,NO,SI,SI,SI,NO,PROPIO,NO,NO,NO,0.0,0.0,0.0,1.0,4.0,0.0,0.0,1.0,3.0,0.0,0.0,0.0,0.0,0.0,0.0,9.0,8.0,15418.5812,400883.11,135.7722,24.7482,36443.9191,33406.9258,15340.01,12.3429,11.3144,5.222,1.0,62.0,1.0,13.96,19.706,49.0,0.0,18.368,199.4530029296875,C3,4.0,3.0,3.0,433,Baja,Bajo,Medio Bajo,Medio Bajo,Bajo,Medio Bajo,Bajo,MANTENER
47,267410000006600,26741,6600,MARIO OSCAR CORONEL,2007-07-18T00:00:00.000Z,-35.458474,-60.873312,10,KIOSCOS,B1,10010999,Kioscos,BUENOS AIRES,9 de Julio,69swqb,111,CERETO GUSTAVO MARTIN,23,VALLEJO ANIBAL PABLO MATEO,10,MATTIO LUIS EMILIO,2 O MAS,50 A 100,2 O MAS,2,1,SI,NO,SI,SI,NO,SI,AVENIDA,NO,SI,SI,SI,SI,SI,SI,SI,NO TIENE,SI,NO,SI,0.0,0.0,0.0,0.0,1.0,0.0,1.0,0.0,0.0,0.0,0.0,0.0,0.0,0.0,0.0,2.0,20.0,36110.5804,3249952.24,450.2961,105.9922,295450.2036,270829.3533,41101.4856,40.936,37.5247,5.0033,1.0,231.0,1.7308,4.09,9.1,6.741,6.276,4.439,1182.2183837890625,D1,3.0,4.0,1.0,341,Media Baja,Medio Alto,Medio Alto,Medio Alto,Medio Alto,Medio Alto,Medio Alto,MANTENER
48,267410000006781,26741,6781,MARIO OSCAR CORONEL,2007-12-31T00:00:00.000Z,-34.993172,-61.024525,10,KIOSCOS,B2,10010999,Kioscos,BUENOS AIRES,General Viamonte,69u8gm,111,CERETO GUSTAVO MARTIN,23,VALLEJO ANIBAL PABLO MATEO,10,MATTIO LUIS EMILIO,0,HASTA 15,0,1,1,SI,SI,NO,NO,SI,SI,OTRO,NO,SI,SI,NO,SI,NO,SI,NO,ARCOR,NO,NO,SI,0.0,2.0,0.0,0.0,0.0,1.0,0.0,0.0,1.0,0.0,0.0,0.0,0.0,0.0,0.0,4.0,14.0,81517.3953,1222760.93,171.9942,52.7741,305690.2325,244552.186,121728.5899,42.9985,34.3988,11.4663,1.0,128.0,1.3636,8.357,26.25,22.5,35.0,9.75,911.8328857421876,D1,3.0,4.0,3.0,343,Baja,Medio Bajo,Medio Bajo,Medio Bajo,Medio Alto,Medio Alto,Medio Alto,Sin datos
49,267410000006826,26741,6826,MARIO OSCAR CORONEL,2008-03-10T00:00:00.000Z,-34.999509,-61.05378,10,KIOSCOS,C,10010999,Kioscos,BUENOS AIRES,General Viamonte,69u8fs,111,CERETO GUSTAVO MARTIN,23,VALLEJO ANIBAL PABLO MATEO,10,MATTIO LUIS EMILIO,0,HASTA 15,0,1,1,NO,SI,NO,SI,SI,NO,ESQUINA,NO,SI,SI,SI,SI,SI,SI,NO,PROPIO,NO,NO,NO,0.0,0.0,0.0,0.0,0.0,0.0,0.0,0.0,1.0,0.0,0.0,0.0,0.0,0.0,0.0,1.0,3.0,23837.8539,2216920.41,454.7369,93.9719,201538.2191,184743.3675,60823.2698,41.3397,37.8947,4.8896,1.0,89.0,1.86,3.717,7.767,10.364,7.4,3.977,479.73724365234375,D1,4.0,4.0,4.0,444,Baja,Medio Alto,Medio Alto,Medio Alto,Medio Alto,Medio Alto,Medio Alto,MANTENER
50,267410000006856,26741,6856,MARIO OSCAR CORONEL,2008-04-21T00:00:00.000Z,-35.64657,-60.700238,10,KIOSCOS,B1,10010999,Kioscos,BUENOS AIRES,9 de Julio,69sv4w,111,CERETO GUSTAVO MARTIN,23,VALLEJO ANIBAL PABLO MATEO,10,MATTIO LUIS EMILIO,1,15 A 50,1,2,1,SI,SI,NO,SI,SI,SI,AVENIDA,NO,SI,SI,SI,SI,SI,SI,SI,NO TIENE,NO,NO,NO,0.0,4.0,0.0,2.0,0.0,1.0,3.0,0.0,2.0,2.0,0.0,0.0,0.0,0.0,0.0,14.0,14.0,165016.2094,8250810.47,1292.4007,285.4884,750073.6791,687567.5392,143881.1348,117.491,107.7001,25.848,1.0,207.0,1.0,7.286,8.302,7.286,7.286,7.286,400.65179443359375,C3,2.0,3.0,2.0,232,Baja,Alto,Alto,Alto,Alto,Alto,Alto,MANTENER
51,267410000006857,26741,6857,MARIO OSCAR CORONEL,2008-04-22T00:00:00.000Z,-35.772115,-61.334579,10,KIOSCOS,B1,10010999,Kioscos,BUENOS AIRES,Carlos Casares,69skkr,111,CERETO GUSTAVO MARTIN,23,VALLEJO ANIBAL PABLO MATEO,10,MATTIO LUIS EMILIO,0,50 A 100,2 O MAS,3 O MAS,1,SI,NO,SI,NO,SI,SI,AVENIDA,NO,NO,SI,SI,SI,SI,SI,NO,NO TIENE,NO,NO,NO,0.0,0.0,0.0,0.0,0.0,0.0,0.0,0.0,0.0,0.0,0.0,0.0,0.0,0.0,0.0,0.0,2.0,177337.8436,4433446.09,731.3643,214.9059,403040.5536,403040.5536,142881.8936,66.4877,66.4877,29.2546,1.0,141.0,1.0417,13.125,13.125,14.318,14.318,13.696,63.78546905517578,C3,2.0,4.0,2.0,242,Baja,Alto,Medio Alto,Alto,Alto,Medio Alto,Alto,MANTENER
52,267410000006936,26741,6936,MARIO OSCAR CORONEL,2008-09-03T00:00:00.000Z,-35.009551,-61.039074,100100,NO TRADICIONALES,D,100100106999,Otros,BUENOS AIRES,General Viamonte,69u8g4,111,CERETO GUSTAVO MARTIN,23,VALLEJO ANIBAL PABLO MATEO,10,MATTIO LUIS EMILIO,1,HASTA 15,0,0,1,SI,NO,NO,NO,SI,SI,AVENIDA,NO,NO,NO,NO,NO,NO,NO,NO,NO TIENE,NO,NO,NO,0.0,0.0,0.0,0.0,0.0,0.0,0.0,0.0,0.0,0.0,0.0,0.0,0.0,0.0,0.0,0.0,2.0,17564.7856,562073.14,57.8736,12.8053,51097.5582,51097.5582,53507.6604,5.2612,5.2612,1.8086,1.0,75.0,1.28,11.484,0.0,19.571,14.24,40.571,489.8714904785156,C3,4.0,4.0,3.0,443,Baja,Medio Bajo,Bajo,Bajo,Bajo,Bajo,Bajo,OPORTUNIDAD
53,267410000006953,26741,6953,MARIO OSCAR CORONEL,2008-10-09T00:00:00.000Z,-34.995363,-61.045375,10,KIOSCOS,B1,10010999,Kioscos,BUENOS AIRES,General Viamonte,69u8fv,111,CERETO GUSTAVO MARTIN,23,VALLEJO ANIBAL PABLO MATEO,10,MATTIO LUIS EMILIO,0,HASTA 15,0,1,1,NO,SI,NO,NO,SI,SI,AVENIDA,NO,SI,NO,SI,SI,NO,SI,NO,PROPIO,NO,NO,NO,0.0,2.0,0.0,0.0,0.0,0.0,0.0,0.0,0.0,0.0,0.0,1.0,0.0,0.0,0.0,3.0,5.0,42454.5259,2250089.8716,320.0905,82.7578,204553.6247,281261.234,103460.7477,29.0991,40.0113,6.0394,1.0,118.0,1.7097,6.923,0.0,17.278,11.613,10.286,1083.643798828125,C3,3.0,4.0,4.0,344,Media Baja,Medio Alto,Medio Alto,Medio Alto,Medio Alto,Medio Bajo,Medio Alto,MANTENER
54,267410000007030,26741,7030,MARIO OSCAR CORONEL,2009-01-10T00:00:00.000Z,-35.897277,-60.728829,10,KIOSCOS,B2,10010999,Kioscos,BUENOS AIRES,25 de Mayo,69sgf1,111,CERETO GUSTAVO MARTIN,23,VALLEJO ANIBAL PABLO MATEO,10,MATTIO LUIS EMILIO,0,HASTA 15,1,2,1,SI,SI,NO,NO,SI,NO,OTRO,NO,NO,SI,NO,SI,SI,SI,NO,COMPETENCIA,NO,NO,NO,0.0,2.0,0.0,1.0,0.0,0.0,0.0,0.0,0.0,0.0,0.0,0.0,0.0,0.0,0.0,3.0,3.0,57152.6912,1886038.81,566.6679,120.1482,171458.0736,157169.9008,44286.216,51.5153,47.2223,17.1718,1.0,59.0,1.1379,10.938,10.938,39.0,27.909,13.462,265.574951171875,C3,3.0,4.0,3.0,343,Baja,Medio Alto,Medio Alto,Medio Alto,Medio Alto,Medio Alto,Medio Alto,MANTENER
55,267410000007096,26741,7096,MARIO OSCAR CORONEL,2009-03-26T00:00:00.000Z,-34.995431,-61.041424,0,ALMACENES,B1,999,Almacenes,BUENOS AIRES,General Viamonte,69u8fv,111,CERETO GUSTAVO MARTIN,23,VALLEJO ANIBAL PABLO MATEO,10,MATTIO LUIS EMILIO,0,50 A 100,2 O MAS,3 O MAS,1,SI,NO,NO,SI,SI,NO,OTRO,NO,SI,SI,SI,SI,SI,SI,NO,COMPETENCIA,NO,NO,NO,0.0,2.0,0.0,0.0,0.0,0.0,0.0,0.0,0.0,0.0,0.0,1.0,0.0,0.0,0.0,3.0,5.0,69470.0069,3542970.35,1189.562,217.7436,322088.2136,295247.5292,123971.0658,108.142,99.1302,23.3247,1.0,186.0,1.3077,7.16,8.821,27.538,12.111,7.319,1083.643798828125,C3,2.0,4.0,1.0,241,Media Baja,Medio Alto,Alto,Alto,Medio Alto,Alto,Medio Alto,MANTENER
56,267410000007113,26741,7113,MARIO OSCAR CORONEL,2009-04-23T00:00:00.000Z,-35.616869,-61.36177,20,AUTOSERVICIOS,D,20024999,Oriental,BUENOS AIRES,Carlos Casares,69sm7s,111,CERETO GUSTAVO MARTIN,23,VALLEJO ANIBAL PABLO MATEO,10,MATTIO LUIS EMILIO,0,MAS DE 100,2 O MAS,3 O MAS,1,SI,SI,NO,SI,SI,NO,OTRO,NO,SI,SI,NO,SI,SI,SI,NO,COMPETENCIA,SI,NO,SI,0.0,2.0,0.0,0.0,0.0,0.0,4.0,0.0,3.0,0.0,0.0,0.0,0.0,0.0,0.0,9.0,16.0,115302.6223,7148762.58,1625.4829,306.6883,649887.5073,595730.215,171326.1111,147.7712,135.4569,26.2175,1.0,305.0,1.1923,5.967,6.5,8.143,7.913,6.067,2247.08349609375,C2,1.0,3.0,1.0,131,Media,Alto,Alto,Alto,Alto,Alto,Alto,OPORTUNIDAD
57,267410000007161,26741,7161,MARIO OSCAR CORONEL,2009-07-23T00:00:00.000Z,-35.437946,-60.892087,100100,NO TRADICIONALES,C,100100106999,Otros,BUENOS AIRES,9 de Julio,69swqk,111,CERETO GUSTAVO MARTIN,23,VALLEJO ANIBAL PABLO MATEO,10,MATTIO LUIS EMILIO,0,50 A 100,1,2,1,SI,NO,NO,NO,NO,NO,ESQUINA,NO,NO,SI,NO,NO,SI,SI,SI,PROPIO,SI,NO,NO,0.0,2.0,0.0,0.0,0.0,0.0,0.0,0.0,1.0,3.0,0.0,1.0,1.0,0.0,0.0,8.0,19.0,13793.6344,344840.86,106.5586,16.5161,31349.1691,28736.7383,11900.0915,9.6871,8.8799,4.2623,0.0,26.0,1.0,14.583,19.765,0.0,14.583,0.0,1869.5368041992188,C3,4.0,3.0,2.0,432,Media Baja,Bajo,Medio Bajo,Bajo,Bajo,Bajo,Bajo,OPORTUNIDAD
58,267410000007276,26741,7276,MARIO OSCAR CORONEL,2010-01-22T00:00:00.000Z,-35.623004,-61.354094,0,ALMACENES,B1,999,Almacenes,BUENOS AIRES,Carlos Casares,69sm7g,111,CERETO GUSTAVO MARTIN,23,VALLEJO ANIBAL PABLO MATEO,10,MATTIO LUIS EMILIO,0,50 A 100,2 O MAS,3 O MAS,1,SI,SI,NO,SI,SI,SI,AVENIDA,NO,SI,SI,SI,SI,SI,SI,SI,COMPETENCIA,NO,SI,NO,0.0,4.0,0.0,1.0,0.0,0.0,2.0,1.0,1.0,0.0,0.0,1.0,0.0,0.0,0.0,10.0,9.0,122993.1257,5657683.78,1317.5921,256.7122,514334.8891,471473.6483,222372.4691,119.7811,109.7993,28.6433,1.0,286.0,1.15,7.778,11.065,16.75,11.828,9.459,1269.8685302734375,C3,1.0,3.0,1.0,131,Media Baja,Alto,Alto,Alto,Alto,Alto,Alto,MANTENER
59,267410000007283,26741,7283,MARIO OSCAR CORONEL,2010-01-27T00:00:00.000Z,-35.331754,-61.611928,10,KIOSCOS,C,10010999,Kioscos,BUENOS AIRES,Lincoln,69spjb,111,CERETO GUSTAVO MARTIN,23,VALLEJO ANIBAL PABLO MATEO,10,MATTIO LUIS EMILIO,1,15 A 50,1,2,1,SI,NO,NO,SI,SI,NO,AVENIDA,NO,NO,SI,NO,SI,SI,SI,NO,NO TIENE,SI,NO,NO,0.0,1.0,0.0,4.0,0.0,1.0,2.0,0.0,2.0,1.0,1.0,0.0,0.0,0.0,0.0,12.0,10.0,58319.4884,2974293.91,635.0819,120.5527,270390.3555,247857.8258,81368.8629,57.7347,52.9235,12.4526,1.0,156.0,1.0851,7.16,8.524,13.714,8.326,7.306,145.53927612304688,C3,3.0,3.0,2.0,332,Baja,Medio Alto,Medio Alto,Medio Alto,Medio Alto,Medio Alto,Medio Alto,MANTENER
60,267410000007931,26741,7931,MARIO OSCAR CORONEL,2010-04-19T00:00:00.000Z,-35.616953,-61.36415,30,ESTABLECIMIENTOS EDU,B1,30030999,Establ. Primarios,BUENOS AIRES,Carlos Casares,69sm7s,111,CERETO GUSTAVO MARTIN,23,VALLEJO ANIBAL PABLO MATEO,10,MATTIO LUIS EMILIO,0,HASTA 15,0,0,1,NO,NO,NO,NO,SI,NO,OTRO,NO,NO,NO,NO,NO,NO,NO,SI,NO TIENE,NO,SI,NO,0.0,2.0,0.0,0.0,0.0,0.0,4.0,0.0,3.0,0.0,0.0,0.0,0.0,0.0,0.0,9.0,16.0,98001.7028,6958120.9,1052.8657,362.6528,632556.4455,632556.4455,279264.8574,95.7151,95.7151,14.8291,1.0,145.0,1.8684,3.986,17.333,6.821,3.986,4.043,2247.08349609375,C3,,,,Sin datos,Media,Alto,Alto,Alto,Alto,Alto,Alto,Sin datos
61,267410000007942,26741,7942,MARIO OSCAR CORONEL,2010-04-30T00:00:00.000Z,-35.455594,-60.905638,0,ALMACENES,A,999,Almacenes,BUENOS AIRES,9 de Julio,69swq1,111,CERETO GUSTAVO MARTIN,23,VALLEJO ANIBAL PABLO MATEO,10,MATTIO LUIS EMILIO,Sin datos,Sin datos,Sin datos,Sin datos,Sin datos,Sin datos,Sin datos,Sin datos,Sin datos,Sin datos,Sin datos,Sin datos,Sin datos,Sin datos,Sin datos,Sin datos,Sin datos,Sin datos,Sin datos,Sin datos,Sin datos,Sin datos,Sin datos,Sin datos,0.0,0.0,0.0,0.0,0.0,0.0,2.0,0.0,0.0,0.0,0.0,0.0,0.0,0.0,0.0,2.0,17.0,52756.7346,13400210.5857,5232.9224,1019.0415,1218200.9623,1116684.2155,420562.1141,475.7202,436.0769,20.6021,1.0,562.0,4.8846,1.439,1.896,2.384,2.442,1.989,820.2872924804688,C2,1.0,3.0,0.0,130,Baja,Alto,Alto,Alto,Alto,Alto,Alto,MANTENER
62,267410000007952,26741,7952,MARIO OSCAR CORONEL,2010-05-18T00:00:00.000Z,-35.772599,-60.349594,0,ALMACENES,B1,999,Almacenes,BUENOS AIRES,25 de Mayo,69th6x,111,CERETO GUSTAVO MARTIN,23,VALLEJO ANIBAL PABLO MATEO,10,MATTIO LUIS EMILIO,1,15 A 50,0,3 O MAS,1,SI,SI,NO,SI,SI,SI,AVENIDA,NO,SI,SI,SI,SI,SI,SI,NO,PROPIO,SI,NO,NO,0.0,0.0,0.0,0.0,0.0,0.0,0.0,0.0,0.0,0.0,0.0,0.0,0.0,0.0,0.0,0.0,2.0,365999.345,5855989.52,1203.8764,259.5519,532362.6836,532362.6836,222844.5343,109.4433,109.4433,75.2423,1.0,155.0,1.0667,20.467,21.929,23.615,21.929,21.929,22.65615463256836,C3,2.0,4.0,2.0,242,Baja,Alto,Alto,Alto,Alto,Alto,Alto,MANTENER
63,267410000008009,26741,8009,MARIO OSCAR CORONEL,2010-10-04T00:00:00.000Z,-34.996334,-61.024505,0,ALMACENES,B1,999,Almacenes,BUENOS AIRES,General Viamonte,69u8gm,111,CERETO GUSTAVO MARTIN,23,VALLEJO ANIBAL PABLO MATEO,10,MATTIO LUIS EMILIO,0,15 A 50,2 O MAS,3 O MAS,1,SI,SI,NO,SI,NO,NO,OTRO,NO,SI,SI,SI,SI,SI,SI,NO,PROPIO,NO,NO,NO,0.0,2.0,0.0,0.0,0.0,1.0,0.0,0.0,1.0,0.0,0.0,0.0,0.0,0.0,0.0,4.0,14.0,49989.217,4399051.1,1206.9112,232.2151,399913.7364,366587.5917,71514.8467,109.7192,100.5759,13.7149,1.0,166.0,1.76,4.115,5.869,12.103,7.644,5.265,911.8328857421876,D1,3.0,4.0,2.0,342,Baja,Alto,Alto,Alto,Alto,Alto,Alto,MANTENER
64,267410000008098,26741,8098,MARIO OSCAR CORONEL,2011-04-01T00:00:00.000Z,-35.433389,-60.886041,0,ALMACENES,B2,999,Almacenes,BUENOS AIRES,9 de Julio,69swqt,111,CERETO GUSTAVO MARTIN,23,VALLEJO ANIBAL PABLO MATEO,10,MATTIO LUIS EMILIO,1,15 A 50,1,2,1,SI,SI,NO,NO,SI,NO,ESQUINA EN AVENIDA,NO,NO,SI,SI,SI,SI,SI,NO,PROPIO,NO,NO,SI,0.0,2.0,0.0,0.0,0.0,0.0,3.0,0.0,1.0,0.0,0.0,0.0,0.0,0.0,0.0,6.0,14.0,49029.2895,1814083.713,411.3756,91.6191,164916.7012,151173.6427,57322.1891,37.3978,34.2813,11.1183,1.0,190.0,1.0278,9.917,13.731,16.579,12.5,11.9,1146.683282470703,C3,3.0,3.0,3.0,333,Media Baja,Medio Alto,Medio Alto,Medio Alto,Medio Alto,Medio Alto,Medio Alto,MANTENER
65,267410000008107,26741,8107,MARIO OSCAR CORONEL,2011-04-11T00:00:00.000Z,-35.292946,-61.405611,0,ALMACENES,B2,999,Almacenes,BUENOS AIRES,9 de Julio,69sr4x,111,CERETO GUSTAVO MARTIN,23,VALLEJO ANIBAL PABLO MATEO,10,MATTIO LUIS EMILIO,0,50 A 100,1,2,1,SI,SI,NO,NO,SI,NO,ESQUINA,NO,NO,SI,NO,SI,SI,SI,NO,NO TIENE,NO,SI,SI,0.0,2.0,0.0,5.0,1.0,0.0,2.0,0.0,1.0,0.0,2.0,0.0,0.0,0.0,0.0,13.0,21.0,47238.178,2550861.61,712.9829,132.9293,231896.51,212571.8008,48438.8459,64.8166,59.4152,13.2034,1.0,196.0,1.1489,6.623,6.75,15.636,20.563,7.313,456.16741943359375,C3,3.0,3.0,2.0,332,Baja,Medio Alto,Medio Alto,Medio Alto,Medio Alto,Medio Alto,Medio Alto,MANTENER
66,267410000008449,26741,8449,MARIO OSCAR CORONEL,2012-12-21T00:00:00.000Z,-35.622517,-61.361859,10,KIOSCOS,B2,10010999,Kioscos,BUENOS AIRES,Carlos Casares,69sm7e,111,CERETO GUSTAVO MARTIN,23,VALLEJO ANIBAL PABLO MATEO,10,MATTIO LUIS EMILIO,1,15 A 50,1,2,1,SI,SI,NO,NO,SI,SI,AVENIDA,NO,NO,SI,SI,SI,NO,SI,SI,NO TIENE,NO,SI,SI,0.0,5.0,0.0,2.0,0.0,1.0,3.0,1.0,6.0,4.0,2.0,2.0,0.0,0.0,0.0,26.0,16.0,30954.3445,1454854.19,188.8876,41.2228,132259.4718,121237.8492,37826.5492,17.1716,15.7406,4.0189,1.0,141.0,1.175,7.913,0.0,11.625,11.375,13.16,1269.8685302734375,C2,4.0,3.0,3.0,433,Media Baja,Medio Alto,Medio Bajo,Medio Bajo,Medio Bajo,Medio Bajo,Medio Bajo,OPORTUNIDAD
67,267410000008593,26741,8593,MARIO OSCAR CORONEL,2013-11-20T00:00:00.000Z,-35.444463,-60.898552,0,ALMACENES,B1,999,Almacenes,BUENOS AIRES,9 de Julio,69swq5,111,CERETO GUSTAVO MARTIN,23,VALLEJO ANIBAL PABLO MATEO,10,MATTIO LUIS EMILIO,1,15 A 50,2 O MAS,2,1,SI,SI,NO,SI,SI,NO,OTRO,NO,NO,SI,SI,SI,SI,SI,SI,PROPIO Y COMPETENCIA,SI,SI,SI,0.0,0.0,0.0,0.0,1.0,1.0,2.0,0.0,0.0,0.0,0.0,0.0,0.0,0.0,0.0,4.0,7.0,58704.9309,5342148.709,953.6105,229.2163,485649.8826,445179.0591,138163.0649,86.6919,79.4675,10.4792,1.0,293.0,1.82,3.989,7.286,7.978,7.0,4.488,2268.18896484375,C3,2.0,4.0,2.0,242,Media,Alto,Alto,Alto,Alto,Alto,Alto,MANTENER
68,267410000008639,26741,8639,MARIO OSCAR CORONEL,2014-02-18T00:00:00.000Z,-35.000726,-61.029355,20,AUTOSERVICIOS,B1,20024999,Oriental,BUENOS AIRES,General Viamonte,69u8gh,111,CERETO GUSTAVO MARTIN,23,VALLEJO ANIBAL PABLO MATEO,10,MATTIO LUIS EMILIO,1,MAS DE 100,2 O MAS,3 O MAS,3 O MAS,SI,SI,NO,SI,SI,NO,OTRO,NO,SI,SI,SI,SI,SI,SI,NO,ARCOR\ PROPIO Y COMPETENCIA,NO,NO,NO,0.0,8.0,0.0,7.0,2.0,1.0,2.0,0.0,8.0,3.0,3.0,1.0,0.0,0.0,0.0,35.0,30.0,289377.8662,29227164.485,8908.9752,1711.9005,2657014.9532,2435597.0404,516756.1164,809.9068,742.4146,88.2077,1.0,527.0,1.9423,3.61,4.577,5.823,6.736,4.519,982.6094604492188,C2,1.0,3.0,1.0,131,Baja,Alto,Alto,Alto,Alto,Alto,Alto,MANTENER
69,267410000008675,26741,8675,MARIO OSCAR CORONEL,2014-04-28T00:00:00.000Z,-35.445756,-60.89561,0,ALMACENES,B2,999,Almacenes,BUENOS AIRES,9 de Julio,69swq7,111,CERETO GUSTAVO MARTIN,23,VALLEJO ANIBAL PABLO MATEO,10,MATTIO LUIS EMILIO,0,15 A 50,1,2,1,SI,SI,NO,SI,NO,NO,ESQUINA,NO,NO,SI,SI,SI,SI,SI,SI,PROPIO,SI,NO,SI,0.0,4.0,0.0,1.0,2.0,2.0,0.0,0.0,4.0,3.0,2.0,0.0,0.0,0.0,0.0,18.0,25.0,24964.4504,2022120.48,507.5045,104.8273,183829.1345,168510.04,42802.4249,46.1368,42.292,6.2655,1.0,168.0,1.7234,4.375,7.104,10.606,10.613,5.738,2268.18896484375,C3,3.0,3.0,2.0,332,Media,Medio Alto,Medio Alto,Medio Alto,Medio Alto,Medio Alto,Medio Alto,MANTENER
70,267410000008689,26741,8689,MARIO OSCAR CORONEL,2014-05-31T00:00:00.000Z,-35.627039,-61.371155,0,ALMACENES,D,999,Almacenes,BUENOS AIRES,Carlos Casares,69sm76,111,CERETO GUSTAVO MARTIN,23,VALLEJO ANIBAL PABLO MATEO,10,MATTIO LUIS EMILIO,0,15 A 50,0,1,1,NO,NO,NO,NO,SI,SI,OTRO,NO,NO,SI,SI,SI,SI,SI,NO,NO TIENE,NO,NO,NO,0.0,1.0,0.0,1.0,0.0,0.0,1.0,0.0,0.0,0.0,0.0,0.0,0.0,0.0,0.0,3.0,4.0,34655.7388,277245.91,83.2948,12.1383,27724.591,34655.7388,13971.139,8.3295,10.4118,10.4118,0.0,57.0,1.0,37.714,37.714,45.5,36.4,37.714,1186.17236328125,C2,4.0,3.0,4.0,434,Media Baja,Bajo,Bajo,Bajo,Bajo,Bajo,Bajo,OPORTUNIDAD
71,267410000008714,26741,8714,MARIO OSCAR CORONEL,2014-07-28T00:00:00.000Z,-35.434585,-60.88307,10,KIOSCOS,B2,10010999,Kioscos,BUENOS AIRES,9 de Julio,69swqt,111,CERETO GUSTAVO MARTIN,23,VALLEJO ANIBAL PABLO MATEO,10,MATTIO LUIS EMILIO,0,HASTA 15,0,1,1,NO,NO,NO,NO,NO,NO,OTRO,NO,NO,SI,SI,SI,SI,SI,NO,PROPIO,NO,NO,NO,0.0,2.0,0.0,0.0,0.0,0.0,3.0,0.0,1.0,0.0,0.0,0.0,0.0,0.0,0.0,6.0,14.0,16728.53,669141.2,142.6612,39.7219,60831.0182,55761.7667,30697.9041,12.9692,11.8884,3.5665,1.0,125.0,1.2903,8.641,18.722,22.333,11.621,10.419,1146.683282470703,D1,4.0,4.0,4.0,444,Media Baja,Medio Bajo,Medio Bajo,Medio Bajo,Medio Bajo,Medio Bajo,Bajo,OPORTUNIDAD
72,267410000008716,26741,8716,MARIO OSCAR CORONEL,2014-08-02T00:00:00.000Z,-35.446856,-60.883024,20,AUTOSERVICIOS,B2,20024999,Oriental,BUENOS AIRES,9 de Julio,69swqe,111,CERETO GUSTAVO MARTIN,23,VALLEJO ANIBAL PABLO MATEO,10,MATTIO LUIS EMILIO,0,MAS DE 100,2 O MAS,3 O MAS,2,SI,SI,NO,SI,SI,NO,OTRO,NO,SI,SI,SI,SI,SI,SI,SI,PROPIO,SI,NO,SI,0.0,15.0,0.0,1.0,1.0,6.0,1.0,1.0,2.0,6.0,3.0,1.0,1.0,0.0,0.0,38.0,39.0,249953.7547,20496207.8892,5961.6201,1143.6929,1863291.6263,1708017.3241,412879.7506,541.9655,496.8017,72.7027,1.0,397.0,1.5769,4.407,4.89,6.736,6.846,4.824,2654.21435546875,C2,1.0,3.0,1.0,131,Media,Alto,Alto,Alto,Alto,Alto,Alto,MANTENER
73,267410000008742,26741,8742,MARIO OSCAR CORONEL,2014-09-30T00:00:00.000Z,-35.616251,-61.35478,0,ALMACENES,B2,999,Almacenes,BUENOS AIRES,Carlos Casares,69sm7u,111,CERETO GUSTAVO MARTIN,23,VALLEJO ANIBAL PABLO MATEO,10,MATTIO LUIS EMILIO,0,15 A 50,1,2,1,SI,NO,NO,NO,NO,NO,OTRO,NO,NO,SI,NO,SI,SI,SI,NO,COMPETENCIA,NO,NO,NO,0.0,4.0,0.0,0.0,0.0,1.0,3.0,0.0,0.0,1.0,0.0,0.0,0.0,0.0,0.0,9.0,14.0,24626.2341,1452947.81,345.6741,68.4748,132086.1645,132086.1645,42899.163,31.4249,31.4249,5.8589,1.0,141.0,1.4048,6.155,9.568,20.294,6.865,7.596,1070.6156311035156,C3,3.0,3.0,3.0,333,Media Baja,Medio Alto,Medio Alto,Medio Alto,Medio Bajo,Medio Alto,Medio Bajo,MANTENER
74,267410000008793,26741,8793,MARIO OSCAR CORONEL,2015-01-15T00:00:00.000Z,-35.455664,-60.894442,0,ALMACENES,B2,999,Almacenes,BUENOS AIRES,9 de Julio,69swq3,111,CERETO GUSTAVO MARTIN,23,VALLEJO ANIBAL PABLO MATEO,10,MATTIO LUIS EMILIO,0,50 A 100,1,2,1,SI,SI,NO,SI,SI,NO,AVENIDA,NO,SI,SI,SI,SI,SI,SI,SI,NO TIENE,NO,NO,SI,0.0,2.0,0.0,2.0,0.0,0.0,1.0,1.0,1.0,0.0,0.0,0.0,0.0,0.0,0.0,7.0,9.0,44571.9709,2094882.63,626.6601,113.651,190443.8755,174573.5525,66191.6754,56.9691,52.2217,13.3332,1.0,100.0,1.0,7.457,7.457,34.125,7.81,7.622,1661.283447265625,C3,3.0,4.0,2.0,342,Media Baja,Medio Alto,Medio Alto,Medio Alto,Medio Alto,Medio Alto,Medio Alto,MANTENER
75,267410000008817,26741,8817,MARIO OSCAR CORONEL,2015-04-01T00:00:00.000Z,-35.239329,-60.82694,100100,NO TRADICIONALES,B1,100100106999,Otros,BUENOS AIRES,9 de Julio,69sxxb,111,CERETO GUSTAVO MARTIN,23,VALLEJO ANIBAL PABLO MATEO,10,MATTIO LUIS EMILIO,1,15 A 50,0,2,1,SI,SI,NO,SI,SI,SI,ESQUINA EN AVENIDA,NO,SI,NO,NO,SI,SI,SI,SI,COMPETENCIA,SI,NO,NO,0.0,0.0,0.0,1.0,0.0,1.0,1.0,0.0,0.0,0.0,0.0,0.0,0.0,0.0,0.0,3.0,2.0,56276.1693,1519456.57,200.2667,52.7994,138132.4155,126621.3808,31640.6514,18.2061,16.6889,7.4173,1.0,139.0,1.0,13.423,37.0,17.294,13.96,13.96,62.78881492614746,C3,3.0,4.0,2.0,342,Baja,Medio Alto,Medio Bajo,Medio Bajo,Medio Bajo,Medio Bajo,Medio Bajo,MANTENER
76,267410000008830,26741,8830,MARIO OSCAR CORONEL,2015-05-11T00:00:00.000Z,-35.448355,-60.900216,0,ALMACENES,D,999,Almacenes,BUENOS AIRES,9 de Julio,69swq4,111,CERETO GUSTAVO MARTIN,23,VALLEJO ANIBAL PABLO MATEO,10,MATTIO LUIS EMILIO,0,15 A 50,0,1,1,SI,SI,NO,SI,SI,NO,OTRO,NO,SI,SI,SI,SI,SI,SI,SI,NO TIENE,NO,NO,NO,0.0,1.0,0.0,0.0,0.0,0.0,1.0,0.0,0.0,0.0,1.0,0.0,0.0,0.0,0.0,3.0,3.0,9943.4742,328134.65,125.1626,21.8412,29830.4227,27344.5542,17198.3381,11.3784,10.4302,3.7928,1.0,63.0,1.0,10.5,18.278,24.5,14.609,12.923,1644.7252319335937,C3,4.0,4.0,2.0,442,Media Baja,Bajo,Medio Bajo,Bajo,Bajo,Bajo,Bajo,OPORTUNIDAD
77,267410000008881,26741,8881,MARIO OSCAR CORONEL,2015-10-06T00:00:00.000Z,-35.653491,-60.706158,10,KIOSCOS,B2,10010999,Kioscos,BUENOS AIRES,9 de Julio,69sv4t,111,CERETO GUSTAVO MARTIN,23,VALLEJO ANIBAL PABLO MATEO,10,MATTIO LUIS EMILIO,0,15 A 50,0,3 O MAS,1,SI,NO,NO,SI,SI,SI,OTRO,NO,SI,SI,SI,SI,SI,SI,NO,PROPIO,NO,NO,NO,0.0,0.0,0.0,0.0,0.0,0.0,0.0,1.0,0.0,0.0,0.0,0.0,0.0,0.0,0.0,1.0,5.0,34173.8024,1435299.7,389.6409,69.5109,130481.7909,119608.3083,41476.0716,35.4219,32.4701,9.2772,0.0,80.0,1.0,8.366,9.528,11.103,10.387,10.839,302.2911376953125,D1,4.0,4.0,2.0,442,Baja,Medio Bajo,Medio Alto,Medio Alto,Medio Bajo,Medio Alto,Medio Bajo,MANTENER
78,267410000009022,26741,9022,MARIO OSCAR CORONEL,2016-11-03T00:00:00.000Z,-35.628488,-61.369378,10,KIOSCOS,B2,10010999,Kioscos,BUENOS AIRES,Carlos Casares,69sm7d,111,CERETO GUSTAVO MARTIN,23,VALLEJO ANIBAL PABLO MATEO,10,MATTIO LUIS EMILIO,1,15 A 50,1,3 O MAS,1,SI,SI,NO,SI,SI,SI,OTRO,NO,NO,SI,SI,SI,SI,SI,SI,NO TIENE,NO,NO,NO,0.0,8.0,0.0,5.0,0.0,0.0,10.0,0.0,3.0,3.0,4.0,4.0,0.0,0.0,0.0,37.0,21.0,72505.2685,2827705.47,898.1374,169.0871,257064.1336,235642.1225,114586.9924,81.6489,74.8448,23.0292,1.0,159.0,1.1471,9.026,13.72,14.647,11.167,10.394,1545.5497802734376,C2,2.0,3.0,2.0,232,Media Baja,Medio Alto,Alto,Medio Alto,Medio Alto,Alto,Medio Alto,MANTENER
79,267410000009025,26741,9025,MARIO OSCAR CORONEL,2016-11-12T00:00:00.000Z,-35.442067,-60.885731,20,AUTOSERVICIOS,B1,20023999,Autoservicio,BUENOS AIRES,9 de Julio,69swqe,111,CERETO GUSTAVO MARTIN,23,VALLEJO ANIBAL PABLO MATEO,10,MATTIO LUIS EMILIO,0,HASTA 15,0,0,1,NO,NO,NO,NO,NO,NO,OTRO,NO,NO,NO,NO,NO,NO,NO,NO,NO TIENE,NO,NO,NO,0.0,15.0,0.0,1.0,1.0,6.0,1.0,1.0,2.0,6.0,3.0,1.0,1.0,0.0,0.0,38.0,39.0,1290691.6784,32267291.96,15505.4516,2407.4285,3226729.196,3226729.196,3291260.4689,1550.5452,1550.5452,620.2181,1.0,43.0,1.3889,12.0,12.19,0.0,0.0,53.2,2264.411657714844,C2,2.0,3.0,4.0,234,Media,Alto,Alto,Alto,Alto,Alto,Alto,MANTENER
80,267410000009028,26741,9028,MARIO OSCAR CORONEL,2016-11-18T00:00:00.000Z,-35.442939,-60.891939,0,ALMACENES,B1,999,Almacenes,BUENOS AIRES,9 de Julio,69swq7,111,CERETO GUSTAVO MARTIN,23,VALLEJO ANIBAL PABLO MATEO,10,MATTIO LUIS EMILIO,0,15 A 50,1,1,1,SI,SI,NO,SI,SI,NO,AVENIDA,NO,SI,SI,SI,SI,SI,SI,SI,PROPIO,NO,NO,NO,0.0,4.0,0.0,1.0,2.0,2.0,0.0,0.0,4.0,3.0,2.0,0.0,0.0,0.0,0.0,18.0,25.0,69099.4917,3247676.11,749.5139,172.875,295243.2827,270639.6758,102559.86,68.1376,62.4595,15.9471,1.0,192.0,1.093,7.826,9.474,13.72,8.372,8.182,1865.6820068359373,C2,3.0,3.0,2.0,332,Media Baja,Medio Alto,Medio Alto,Medio Alto,Medio Alto,Medio Alto,Medio Alto,OPORTUNIDAD
81,267410000009041,26741,9041,MARIO OSCAR CORONEL,2016-12-12T00:00:00.000Z,-35.610228,-61.364017,10,KIOSCOS,B1,10010999,Kioscos,BUENOS AIRES,Carlos Casares,69sm7t,111,CERETO GUSTAVO MARTIN,23,VALLEJO ANIBAL PABLO MATEO,10,MATTIO LUIS EMILIO,0,15 A 50,1,2,1,SI,SI,NO,SI,SI,NO,OTRO,NO,NO,SI,NO,SI,SI,SI,NO,NO TIENE,NO,NO,SI,0.0,1.0,0.0,1.0,0.0,0.0,0.0,0.0,0.0,0.0,0.0,0.0,0.0,0.0,0.0,2.0,5.0,61126.7552,5868168.504,1469.8897,309.3174,533469.864,489014.042,141511.5384,133.6263,122.4908,15.3114,1.0,307.0,1.8824,3.779,4.972,8.975,7.438,3.819,215.30093383789065,D1,2.0,4.0,2.0,242,Baja,Alto,Alto,Alto,Alto,Alto,Alto,MANTENER
82,267410000009060,26741,9060,MARIO OSCAR CORONEL,2016-12-22T00:00:00.000Z,-34.996123,-61.029275,0,ALMACENES,A,999,Almacenes,BUENOS AIRES,General Viamonte,69u8gj,111,CERETO GUSTAVO MARTIN,23,VALLEJO ANIBAL PABLO MATEO,10,MATTIO LUIS EMILIO,1,15 A 50,0,3 O MAS,1,SI,SI,NO,NO,SI,NO,ESQUINA,NO,SI,SI,SI,SI,SI,SI,SI,PROPIO,NO,NO,SI,0.0,1.0,0.0,3.0,0.0,0.0,2.0,0.0,0.0,0.0,0.0,0.0,0.0,0.0,0.0,6.0,9.0,167658.9653,10897832.742,2842.8092,663.6188,990712.0675,908152.7285,326606.1422,258.4372,236.9008,43.7355,1.0,295.0,1.3265,5.594,8.524,9.054,10.938,7.143,1643.36767578125,C3,1.0,4.0,3.0,143,Media Baja,Alto,Alto,Alto,Alto,Alto,Alto,MANTENER
83,267410000009079,26741,9079,MARIO OSCAR CORONEL,2017-03-06T00:00:00.000Z,-35.44534,-60.877032,10,KIOSCOS,A,10010999,Kioscos,BUENOS AIRES,9 de Julio,69swqe,111,CERETO GUSTAVO MARTIN,23,VALLEJO ANIBAL PABLO MATEO,10,MATTIO LUIS EMILIO,1,15 A 50,0,3 O MAS,1,SI,SI,NO,SI,SI,SI,ESQUINA EN AVENIDA,NO,SI,SI,SI,SI,SI,SI,SI,COMPETENCIA,NO,SI,SI,0.0,15.0,0.0,1.0,1.0,6.0,1.0,1.0,2.0,6.0,3.0,1.0,1.0,0.0,0.0,38.0,39.0,244311.045,5863465.08,757.7751,217.1145,586346.508,586346.508,291693.8131,75.7775,75.7775,31.574,1.0,157.0,1.1429,12.478,37.667,23.917,23.111,15.944,1807.547607421875,C2,2.0,3.0,2.0,232,Media Baja,Alto,Medio Alto,Alto,Alto,Alto,Alto,OPORTUNIDAD
84,267410000009084,26741,9084,MARIO OSCAR CORONEL,2017-03-21T00:00:00.000Z,-35.440873,-60.871656,0,ALMACENES,C,999,Almacenes,BUENOS AIRES,9 de Julio,69swqu,111,CERETO GUSTAVO MARTIN,23,VALLEJO ANIBAL PABLO MATEO,10,MATTIO LUIS EMILIO,0,15 A 50,1,1,1,SI,SI,NO,SI,NO,NO,AVENIDA,NO,NO,SI,SI,SI,SI,SI,SI,NO TIENE,SI,NO,NO,0.0,0.0,0.0,1.0,0.0,0.0,3.0,0.0,0.0,0.0,0.0,0.0,0.0,0.0,0.0,4.0,1.0,16167.6716,1002395.64,182.75,43.8759,91126.8764,83532.97,25186.9538,16.6136,15.2292,2.9476,1.0,152.0,1.4762,5.689,12.923,19.278,24.5,6.673,1807.547607421875,C3,4.0,4.0,2.0,442,Media Baja,Medio Bajo,Medio Bajo,Medio Bajo,Medio Bajo,Medio Bajo,Medio Bajo,MANTENER
85,267410000009104,26741,9104,MARIO OSCAR CORONEL,2017-04-25T00:00:00.000Z,-35.468954,-60.876279,0,ALMACENES,D,999,Almacenes,BUENOS AIRES,9 de Julio,69swnx,111,CERETO GUSTAVO MARTIN,23,VALLEJO ANIBAL PABLO MATEO,10,MATTIO LUIS EMILIO,Sin datos,Sin datos,Sin datos,Sin datos,Sin datos,Sin datos,Sin datos,Sin datos,Sin datos,Sin datos,Sin datos,Sin datos,Sin datos,Sin datos,Sin datos,Sin datos,Sin datos,Sin datos,Sin datos,Sin datos,Sin datos,Sin datos,Sin datos,Sin datos,0.0,0.0,0.0,0.0,0.0,0.0,0.0,0.0,0.0,0.0,0.0,0.0,0.0,0.0,0.0,0.0,1.0,18246.4198,1003553.09,271.507,51.9923,91232.0991,83629.4242,38886.3213,24.6825,22.6256,4.9365,1.0,130.0,1.3095,6.741,13.885,14.0,13.37,8.667,191.07244873046875,D1,4.0,4.0,0.0,440,Baja,Medio Bajo,Medio Bajo,Medio Bajo,Medio Bajo,Medio Bajo,Medio Bajo,OPORTUNIDAD
86,267410000009110,26741,9110,MARIO OSCAR CORONEL,2017-06-08T00:00:00.000Z,-35.289357,-61.408642,100100,NO TRADICIONALES,C,100100106999,Otros,BUENOS AIRES,9 de Julio,69sr4x,111,CERETO GUSTAVO MARTIN,23,VALLEJO ANIBAL PABLO MATEO,10,MATTIO LUIS EMILIO,0,15 A 50,1,1,1,SI,NO,NO,NO,NO,NO,ESQUINA,NO,SI,SI,NO,SI,SI,SI,NO,NO TIENE,NO,NO,NO,0.0,2.0,0.0,5.0,1.0,0.0,2.0,0.0,1.0,0.0,2.0,0.0,0.0,0.0,0.0,13.0,21.0,23817.2033,428709.66,100.6661,23.2878,38973.6055,35725.805,19780.401,9.1515,8.3888,5.5926,0.0,19.0,1.0,19.0,24.818,91.5,20.188,19.5,549.9046020507812,C3,4.0,3.0,3.0,433,Baja,Bajo,Bajo,Bajo,Bajo,Bajo,Bajo,OPORTUNIDAD
87,267410000009114,26741,9114,MARIO OSCAR CORONEL,2017-06-22T00:00:00.000Z,-35.444704,-60.875591,10,KIOSCOS,A,10010999,Kioscos,BUENOS AIRES,9 de Julio,69swqe,111,CERETO GUSTAVO MARTIN,23,VALLEJO ANIBAL PABLO MATEO,10,MATTIO LUIS EMILIO,0,15 A 50,0,2,2,NO,SI,NO,SI,SI,NO,AVENIDA,NO,NO,NO,NO,SI,NO,NO,SI,ARCOR\ PROPIO Y COMPETENCIA,NO,NO,SI,0.0,15.0,0.0,1.0,1.0,6.0,1.0,1.0,2.0,6.0,3.0,1.0,1.0,0.0,0.0,38.0,39.0,87469.4231,10496330.769,1681.5118,726.7657,954211.8881,874694.2308,742556.6441,152.8647,140.126,14.0126,1.0,256.0,2.6667,2.941,37.625,11.926,5.327,3.684,1807.547607421875,C2,2.0,3.0,4.0,234,Media Baja,Alto,Alto,Alto,Alto,Alto,Alto,MANTENER
88,267410000009115,26741,9115,MARIO OSCAR CORONEL,2017-06-22T00:00:00.000Z,-35.444758,-60.885124,10,KIOSCOS,B1,10010999,Kioscos,BUENOS AIRES,9 de Julio,69swqe,111,CERETO GUSTAVO MARTIN,23,VALLEJO ANIBAL PABLO MATEO,10,MATTIO LUIS EMILIO,2 O MAS,HASTA 15,0,3 O MAS,1,SI,SI,NO,SI,SI,NO,AVENIDA,NO,SI,SI,SI,SI,NO,SI,SI,ARCOR,SI,NO,SI,0.0,15.0,0.0,1.0,1.0,6.0,1.0,1.0,2.0,6.0,3.0,1.0,1.0,0.0,0.0,38.0,39.0,119165.9442,6434960.988,759.5269,219.839,584996.4535,536246.749,137958.5706,69.0479,63.2939,14.0653,1.0,237.0,1.0385,6.868,24.5,7.14,6.868,6.868,2654.21435546875,C2,2.0,3.0,2.0,232,Media,Alto,Alto,Alto,Alto,Medio Alto,Alto,OPORTUNIDAD
89,267410000009118,26741,9118,MARIO OSCAR CORONEL,2017-07-03T00:00:00.000Z,-35.614677,-61.353553,0,ALMACENES,D,999,Almacenes,BUENOS AIRES,Carlos Casares,69sm7u,111,CERETO GUSTAVO MARTIN,23,VALLEJO ANIBAL PABLO MATEO,10,MATTIO LUIS EMILIO,0,15 A 50,1,2,1,SI,SI,NO,SI,SI,NO,AVENIDA,NO,NO,SI,NO,NO,SI,NO,SI,PROPIO,NO,NO,NO,0.0,4.0,0.0,0.0,0.0,1.0,3.0,0.0,0.0,1.0,0.0,0.0,0.0,0.0,0.0,9.0,14.0,32033.0436,704726.96,277.7468,42.4731,64066.0873,64066.0873,16105.4591,25.2497,25.2497,12.6249,1.0,65.0,1.1,16.429,18.222,68.0,56.0,30.556,1070.6156311035156,C3,4.0,4.0,2.0,442,Media Baja,Medio Bajo,Medio Bajo,Medio Bajo,Medio Bajo,Medio Bajo,Medio Bajo,MANTENER
90,267410000009170,26741,9170,MARIO OSCAR CORONEL,2018-01-10T00:00:00.000Z,-35.648949,-60.708086,10,KIOSCOS,D,10010999,Kioscos,BUENOS AIRES,9 de Julio,69sv4w,111,CERETO GUSTAVO MARTIN,23,VALLEJO ANIBAL PABLO MATEO,10,MATTIO LUIS EMILIO,0,15 A 50,0,0,1,SI,SI,NO,NO,SI,NO,AVENIDA,NO,NO,NO,NO,SI,NO,NO,NO,NO TIENE,NO,NO,NO,0.0,4.0,0.0,2.0,0.0,1.0,3.0,0.0,2.0,2.0,0.0,0.0,0.0,0.0,0.0,14.0,14.0,23404.1594,374466.55,33.5258,6.1361,34042.4136,41607.3944,31151.9076,3.0478,3.7251,2.0954,1.0,19.0,1.0,20.933,0.0,39.25,21.636,0.0,400.65179443359375,C3,4.0,3.0,3.0,433,Baja,Bajo,Bajo,Bajo,Bajo,Bajo,Bajo,OPORTUNIDAD
91,267410000009196,26741,9196,MARIO OSCAR CORONEL,2018-05-10T00:00:00.000Z,-35.440815,-60.889118,100100,NO TRADICIONALES,D,100100106999,Otros,BUENOS AIRES,9 de Julio,69swqk,111,CERETO GUSTAVO MARTIN,23,VALLEJO ANIBAL PABLO MATEO,10,MATTIO LUIS EMILIO,Sin datos,Sin datos,Sin datos,Sin datos,Sin datos,Sin datos,Sin datos,Sin datos,Sin datos,Sin datos,Sin datos,Sin datos,Sin datos,Sin datos,Sin datos,Sin datos,Sin datos,Sin datos,Sin datos,Sin datos,Sin datos,Sin datos,Sin datos,Sin datos,0.0,2.0,0.0,0.0,0.0,0.0,0.0,0.0,1.0,3.0,0.0,1.0,1.0,0.0,0.0,8.0,19.0,31651.725,63303.45,6.685,2.0,31651.725,31651.725,1824.8375,3.3425,3.3425,3.3425,0.0,4.0,1.0,48.0,0.0,48.0,0.0,0.0,0.0,C2,4.0,3.0,0.0,430,Baja,Bajo,Bajo,Bajo,Bajo,Bajo,Bajo,Sin datos
92,267410000009202,26741,9202,MARIO OSCAR CORONEL,2018-06-05T00:00:00.000Z,-34.9917,-61.024574,0,ALMACENES,B1,999,Almacenes,BUENOS AIRES,General Viamonte,69u8gm,111,CERETO GUSTAVO MARTIN,23,VALLEJO ANIBAL PABLO MATEO,10,MATTIO LUIS EMILIO,0,HASTA 15,0,2,1,SI,SI,NO,SI,SI,NO,OTRO,NO,SI,SI,SI,SI,SI,SI,NO,PROPIO,NO,NO,NO,0.0,2.0,0.0,0.0,0.0,1.0,0.0,0.0,1.0,0.0,0.0,0.0,0.0,0.0,0.0,4.0,14.0,23654.9907,1419299.44,535.3688,100.6589,129027.2218,118274.9533,61233.4355,48.6699,44.6141,8.9228,1.0,108.0,1.5,5.746,10.935,17.0,17.368,10.273,350.01385498046875,D1,3.0,4.0,3.0,343,Baja,Medio Bajo,Medio Alto,Medio Alto,Medio Bajo,Medio Alto,Medio Bajo,MANTENER
93,267410000009218,26741,9218,MARIO OSCAR CORONEL,2018-08-10T00:00:00.000Z,-34.999743,-61.0401,0,ALMACENES,C,999,Almacenes,BUENOS AIRES,General Viamonte,69u8fu,111,CERETO GUSTAVO MARTIN,23,VALLEJO ANIBAL PABLO MATEO,10,MATTIO LUIS EMILIO,Sin datos,Sin datos,Sin datos,Sin datos,Sin datos,Sin datos,Sin datos,Sin datos,Sin datos,Sin datos,Sin datos,Sin datos,Sin datos,Sin datos,Sin datos,Sin datos,Sin datos,Sin datos,Sin datos,Sin datos,Sin datos,Sin datos,Sin datos,Sin datos,0.0,3.0,0.0,1.0,0.0,0.0,1.0,0.0,2.0,0.0,0.0,1.0,0.0,0.0,0.0,8.0,13.0,21451.9557,1737608.41,499.7119,95.6801,157964.4009,144800.7008,71381.2584,45.4284,41.6427,6.1693,0.0,100.0,1.5882,4.55,5.5,10.0,21.0,4.789,1737.5380859375,C3,4.0,3.0,0.0,430,Media Baja,Medio Alto,Medio Alto,Medio Alto,Medio Alto,Medio Alto,Medio Bajo,MANTENER
94,267410000009239,26741,9239,MARIO OSCAR CORONEL,2018-10-26T00:00:00.000Z,-35.462061,-60.870782,100100,NO TRADICIONALES,D,100100102999,Panaderías,BUENOS AIRES,9 de Julio,69swqb,111,CERETO GUSTAVO MARTIN,23,VALLEJO ANIBAL PABLO MATEO,10,MATTIO LUIS EMILIO,0,15 A 50,0,1,1,SI,NO,NO,NO,SI,NO,OTRO,NO,NO,NO,SI,SI,SI,SI,SI,PROPIO,NO,NO,SI,0.0,0.0,0.0,0.0,1.0,0.0,1.0,0.0,0.0,0.0,0.0,0.0,0.0,0.0,0.0,2.0,20.0,13765.4633,123889.17,37.7471,6.8821,11262.6518,13765.4633,6402.6157,3.4316,4.1941,4.1941,1.0,45.0,1.0,42.875,49.0,28.0,0.0,45.5,907.3816528320312,D1,4.0,4.0,3.0,443,Baja,Bajo,Bajo,Bajo,Bajo,Bajo,Bajo,OPORTUNIDAD
95,267410000009256,26741,9256,MARIO OSCAR CORONEL,2018-12-13T00:00:00.000Z,-34.735751,-60.993749,100100,NO TRADICIONALES,C,100100106999,Otros,BUENOS AIRES,Junín,69udkh,111,CERETO GUSTAVO MARTIN,23,VALLEJO ANIBAL PABLO MATEO,10,MATTIO LUIS EMILIO,1,15 A 50,2 O MAS,2,1,SI,NO,NO,NO,SI,NO,OTRO,NO,SI,SI,SI,SI,SI,SI,NO,NO TIENE,NO,NO,NO,0.0,0.0,0.0,0.0,0.0,0.0,0.0,0.0,0.0,0.0,0.0,0.0,0.0,0.0,0.0,0.0,1.0,18183.2443,854612.48,291.9451,55.278,77692.0436,71217.7067,26168.9895,26.5405,24.3288,6.2116,1.0,28.0,1.0682,7.717,16.579,0.0,37.333,8.974,126.95584869384766,D1,4.0,4.0,2.0,442,Baja,Medio Bajo,Medio Bajo,Medio Bajo,Medio Bajo,Medio Bajo,Medio Bajo,MANTENER
96,267410000009261,26741,9261,MARIO OSCAR CORONEL,2018-12-19T00:00:00.000Z,-34.997467,-61.024241,10,KIOSCOS,B1,10010999,Kioscos,BUENOS AIRES,General Viamonte,69u8gk,111,CERETO GUSTAVO MARTIN,23,VALLEJO ANIBAL PABLO MATEO,10,MATTIO LUIS EMILIO,2 O MAS,HASTA 15,0,1,1,SI,SI,NO,NO,NO,NO,ESQUINA,NO,SI,SI,SI,SI,NO,SI,NO,COMPETENCIA,NO,NO,NO,0.0,1.0,0.0,2.0,1.0,0.0,2.0,1.0,0.0,0.0,0.0,1.0,0.0,0.0,0.0,8.0,5.0,25451.1308,1323458.8,125.2857,38.6889,120314.4364,110288.2333,54944.2982,11.3896,10.4405,2.4093,1.0,128.0,1.3,7.0,91.0,11.76,15.522,8.707,982.6094604492188,C3,4.0,4.0,3.0,443,Baja,Medio Bajo,Medio Bajo,Medio Bajo,Medio Bajo,Bajo,Medio Bajo,OPORTUNIDAD
97,267410000009272,26741,9272,MARIO OSCAR CORONEL,2019-03-25T00:00:00.000Z,-35.445727,-60.886042,10,KIOSCOS,A,10010999,Kioscos,BUENOS AIRES,9 de Julio,69swqe,111,CERETO GUSTAVO MARTIN,23,VALLEJO ANIBAL PABLO MATEO,10,MATTIO LUIS EMILIO,1,15 A 50,1,3 O MAS,1,SI,SI,NO,SI,SI,NO,ESQUINA,NO,SI,SI,NO,NO,NO,SI,SI,ARCOR,SI,NO,NO,0.0,15.0,0.0,1.0,1.0,6.0,1.0,1.0,2.0,6.0,3.0,1.0,1.0,0.0,0.0,38.0,39.0,344309.7871,11362222.973,1528.673,445.7371,1032929.3612,946851.9144,650689.061,138.9703,127.3894,46.3234,1.0,295.0,1.32,10.281,0.0,13.16,13.348,16.158,2654.21435546875,C3,1.0,3.0,2.0,132,Media,Alto,Alto,Alto,Alto,Alto,Alto,MANTENER
98,267410000009274,26741,9274,MARIO OSCAR CORONEL,2019-04-12T00:00:00.000Z,-35.772199,-61.334665,10,KIOSCOS,B1,10010999,Kioscos,BUENOS AIRES,Carlos Casares,69skkr,111,CERETO GUSTAVO MARTIN,23,VALLEJO ANIBAL PABLO MATEO,10,MATTIO LUIS EMILIO,2 O MAS,15 A 50,1,1,1,SI,NO,NO,NO,SI,SI,ESQUINA EN AVENIDA,NO,NO,NO,NO,SI,NO,SI,NO,COMPETENCIA,NO,NO,NO,0.0,0.0,0.0,0.0,0.0,0.0,0.0,0.0,0.0,0.0,0.0,0.0,0.0,0.0,0.0,0.0,2.0,56761.7727,3916562.318,552.0729,143.8908,356051.1198,326380.1932,124850.1534,50.1884,46.0061,8.0011,1.0,221.0,1.5682,5.059,82.0,7.357,5.733,5.81,63.78546905517578,C3,3.0,4.0,3.0,343,Baja,Alto,Medio Alto,Medio Alto,Medio Alto,Medio Alto,Medio Alto,MANTENER
99,267410000009277,26741,9277,MARIO OSCAR CORONEL,2019-04-15T00:00:00.000Z,-35.449364,-60.889173,0,ALMACENES,B2,999,Almacenes,BUENOS AIRES,9 de Julio,69swq6,111,CERETO GUSTAVO MARTIN,23,VALLEJO ANIBAL PABLO MATEO,10,MATTIO LUIS EMILIO,0,50 A 100,2 O MAS,2,1,SI,SI,NO,SI,SI,NO,OTRO,NO,NO,SI,NO,SI,SI,SI,SI,ARCOR,SI,NO,SI,0.0,5.0,0.0,0.0,0.0,0.0,0.0,0.0,0.0,2.0,0.0,0.0,0.0,0.0,0.0,7.0,16.0,40141.4423,2609193.75,604.2709,142.7185,237199.4318,217432.8125,116746.4888,54.9337,50.3559,9.2965,1.0,180.0,1.625,5.688,17.095,13.667,18.053,7.955,2734.617431640625,C3,3.0,3.0,1.0,331,Media,Medio Alto,Medio Alto,Medio Alto,Medio Alto,Medio Alto,Medio Alto,MANTENER
100,267410000009284,26741,9284,MARIO OSCAR CORONEL,2019-05-16T00:00:00.000Z,-35.407485,-61.205393,0,ALMACENES,B1,999,Almacenes,BUENOS AIRES,9 de Julio,69sqx4,111,CERETO GUSTAVO MARTIN,23,VALLEJO ANIBAL PABLO MATEO,10,MATTIO LUIS EMILIO,1,15 A 50,2 O MAS,3 O MAS,1,SI,SI,NO,SI,SI,SI,AVENIDA,NO,SI,SI,SI,SI,SI,SI,SI,ARCOR,SI,NO,NO,0.0,1.0,0.0,3.0,0.0,0.0,3.0,0.0,1.0,0.0,0.0,0.0,0.0,0.0,0.0,8.0,4.0,149896.6643,5546176.58,1057.7127,229.3341,504197.8709,462181.3817,201671.726,96.1557,88.1427,28.5868,1.0,288.0,1.1212,9.694,12.034,13.423,10.906,11.633,207.6753692626953,C3,1.0,4.0,2.0,142,Baja,Alto,Alto,Alto,Alto,Alto,Alto,MANTENER